18,-2,nesu7HQcTrO+H4gLH8hBc5w1vwA=,cru0IJDcDzyD1g1VbjsK9dMjeNI=
18,-3,nesu7HQcTrO+H4gLH8hBc5w1vwA=,b0akJ5sWCIVFDFxkLGbpy0vEoX0=
17,-2,nesu7HQcTrO+H4gLH8hBc5w1vwA=,BTniu9Ue+yclmuVDXihOEb8jqmw=
18,-4,nesu7HQcTrO+H4gLH8hBc5w1vwA=,b0akJ5sWCIVFDFxkLGbpy0vEoX0=
17,-3,nesu7HQcTrO+H4gLH8hBc5w1vwA=,87WV4JCeB20NoK/PyWpDSmeQzLk=
18,-5,nesu7HQcTrO+H4gLH8hBc5w1vwA=,VDBBDwZVIAuxuCqfZhI6X/8v7SU=
17,-4,nesu7HQcTrO+H4gLH8hBc5w1vwA=,87WV4JCeB20NoK/PyWpDSmeQzLk=
18,-6,nesu7HQcTrO+H4gLH8hBc5w1vwA=,VDBBDwZVIAuxuCqfZhI6X/8v7SU=
18,-7,nesu7HQcTrO+H4gLH8hBc5w1vwA=,bA2Ci3OtuiFxdyLzw0oA15An97U=
17,-5,nesu7HQcTrO+H4gLH8hBc5w1vwA=,MSQLe2NfgOddMNz6FscvvO1OgQk=
18,-8,nesu7HQcTrO+H4gLH8hBc5w1vwA=,bA2Ci3OtuiFxdyLzw0oA15An97U=
18,-9,nesu7HQcTrO+H4gLH8hBc5w1vwA=,sm5/JaK8EvJsUmrWaSmEl25vBuM=
18,-11,nesu7HQcTrO+H4gLH8hBc5w1vwA=,REPK7VTeE6IBjZn2GU7OsHljZXk=
18,-10,nesu7HQcTrO+H4gLH8hBc5w1vwA=,sm5/JaK8EvJsUmrWaSmEl25vBuM=
17,-6,nesu7HQcTrO+H4gLH8hBc5w1vwA=,MSQLe2NfgOddMNz6FscvvO1OgQk=
18,-12,nesu7HQcTrO+H4gLH8hBc5w1vwA=,REPK7VTeE6IBjZn2GU7OsHljZXk=
18,-13,nesu7HQcTrO+H4gLH8hBc5w1vwA=,u7UwNAjNYncoz2l1a28R5X5vo88=
19,-14,nesu7HQcTrO+H4gLH8hBc5w1vwA=,u7UwNAjNYncoz2l1a28R5X5vo88=
19,-15,nesu7HQcTrO+H4gLH8hBc5w1vwA=,LeL3Cx4ET6MFHxZ0jQoKg7hMlw8=
17,-13,nesu7HQcTrO+H4gLH8hBc5w1vwA=,KLIf4YSNHqaCPpAbMvi1H8rSpmY=
17,-7,nesu7HQcTrO+H4gLH8hBc5w1vwA=,9r8e3f1L5BNwnJcJZ5PfYx6ZpNU=
17,-12,nesu7HQcTrO+H4gLH8hBc5w1vwA=,xSlzjqwjFzlQogOo17SVxeamiQk=
18,-16,nesu7HQcTrO+H4gLH8hBc5w1vwA=,LeL3Cx4ET6MFHxZ0jQoKg7hMlw8=
18,-14,nesu7HQcTrO+H4gLH8hBc5w1vwA=,u7UwNAjNYncoz2l1a28R5X5vo88=
18,-15,nesu7HQcTrO+H4gLH8hBc5w1vwA=,LeL3Cx4ET6MFHxZ0jQoKg7hMlw8=
17,-9,nesu7HQcTrO+H4gLH8hBc5w1vwA=,tAMhrB28l1fPITKD8JrdtuHJE0I=
17,-10,nesu7HQcTrO+H4gLH8hBc5w1vwA=,tAMhrB28l1fPITKD8JrdtuHJE0I=
17,-14,nesu7HQcTrO+H4gLH8hBc5w1vwA=,KLIf4YSNHqaCPpAbMvi1H8rSpmY=
16,-14,nesu7HQcTrO+H4gLH8hBc5w1vwA=,KLIf4YSNHqaCPpAbMvi1H8rSpmY=
17,-16,nesu7HQcTrO+H4gLH8hBc5w1vwA=,zkH6Dp52u3TSVzZMK725wzS1Hig=
17,-8,nesu7HQcTrO+H4gLH8hBc5w1vwA=,9r8e3f1L5BNwnJcJZ5PfYx6ZpNU=
17,-15,nesu7HQcTrO+H4gLH8hBc5w1vwA=,zkH6Dp52u3TSVzZMK725wzS1Hig=
16,-16,nesu7HQcTrO+H4gLH8hBc5w1vwA=,zkH6Dp52u3TSVzZMK725wzS1Hig=
16,-15,nesu7HQcTrO+H4gLH8hBc5w1vwA=,zkH6Dp52u3TSVzZMK725wzS1Hig=
17,-11,nesu7HQcTrO+H4gLH8hBc5w1vwA=,xSlzjqwjFzlQogOo17SVxeamiQk=
16,-13,nesu7HQcTrO+H4gLH8hBc5w1vwA=,KLIf4YSNHqaCPpAbMvi1H8rSpmY=
16,-12,nesu7HQcTrO+H4gLH8hBc5w1vwA=,xSlzjqwjFzlQogOo17SVxeamiQk=
18,-1,nesu7HQcTrO+H4gLH8hBc5w1vwA=,cru0IJDcDzyD1g1VbjsK9dMjeNI=
16,-6,nesu7HQcTrO+H4gLH8hBc5w1vwA=,MSQLe2NfgOddMNz6FscvvO1OgQk=
19,-2,nesu7HQcTrO+H4gLH8hBc5w1vwA=,cru0IJDcDzyD1g1VbjsK9dMjeNI=
19,-3,nesu7HQcTrO+H4gLH8hBc5w1vwA=,b0akJ5sWCIVFDFxkLGbpy0vEoX0=
19,-6,nesu7HQcTrO+H4gLH8hBc5w1vwA=,VDBBDwZVIAuxuCqfZhI6X/8v7SU=
19,-7,nesu7HQcTrO+H4gLH8hBc5w1vwA=,bA2Ci3OtuiFxdyLzw0oA15An97U=
19,-5,nesu7HQcTrO+H4gLH8hBc5w1vwA=,VDBBDwZVIAuxuCqfZhI6X/8v7SU=
19,-4,nesu7HQcTrO+H4gLH8hBc5w1vwA=,b0akJ5sWCIVFDFxkLGbpy0vEoX0=
19,-12,nesu7HQcTrO+H4gLH8hBc5w1vwA=,REPK7VTeE6IBjZn2GU7OsHljZXk=
19,-13,nesu7HQcTrO+H4gLH8hBc5w1vwA=,u7UwNAjNYncoz2l1a28R5X5vo88=
19,-9,nesu7HQcTrO+H4gLH8hBc5w1vwA=,sm5/JaK8EvJsUmrWaSmEl25vBuM=
19,-8,nesu7HQcTrO+H4gLH8hBc5w1vwA=,bA2Ci3OtuiFxdyLzw0oA15An97U=
19,-11,nesu7HQcTrO+H4gLH8hBc5w1vwA=,REPK7VTeE6IBjZn2GU7OsHljZXk=
19,-10,nesu7HQcTrO+H4gLH8hBc5w1vwA=,sm5/JaK8EvJsUmrWaSmEl25vBuM=
19,-1,nesu7HQcTrO+H4gLH8hBc5w1vwA=,cru0IJDcDzyD1g1VbjsK9dMjeNI=
19,-16,nesu7HQcTrO+H4gLH8hBc5w1vwA=,LeL3Cx4ET6MFHxZ0jQoKg7hMlw8=
16,-3,nesu7HQcTrO+H4gLH8hBc5w1vwA=,87WV4JCeB20NoK/PyWpDSmeQzLk=
17,-1,nesu7HQcTrO+H4gLH8hBc5w1vwA=,BTniu9Ue+yclmuVDXihOEb8jqmw=
16,-4,p2vZ0UW5VFUluPE02spshb3nzJE=,87WV4JCeB20NoK/PyWpDSmeQzLk=
16,-2,p2vZ0UW5VFUluPE02spshb3nzJE=,BTniu9Ue+yclmuVDXihOEb8jqmw=
16,-5,p2vZ0UW5VFUluPE02spshb3nzJE=,MSQLe2NfgOddMNz6FscvvO1OgQk=
16,-7,p2vZ0UW5VFUluPE02spshb3nzJE=,9r8e3f1L5BNwnJcJZ5PfYx6ZpNU=
16,-1,p2vZ0UW5VFUluPE02spshb3nzJE=,BTniu9Ue+yclmuVDXihOEb8jqmw=
16,-8,p2vZ0UW5VFUluPE02spshb3nzJE=,9r8e3f1L5BNwnJcJZ5PfYx6ZpNU=
16,-9,p2vZ0UW5VFUluPE02spshb3nzJE=,tAMhrB28l1fPITKD8JrdtuHJE0I=
16,-11,p2vZ0UW5VFUluPE02spshb3nzJE=,xSlzjqwjFzlQogOo17SVxeamiQk=
16,-10,p2vZ0UW5VFUluPE02spshb3nzJE=,tAMhrB28l1fPITKD8JrdtuHJE0I=
18,-20,p2vZ0UW5VFUluPE02spshb3nzJE=,Q004c9ST+bsbBD7d0Izv2gSUYko=
17,-20,p2vZ0UW5VFUluPE02spshb3nzJE=,ln4KK4amVEkViJUSM+G1RPEYbmg=
19,-18,p2vZ0UW5VFUluPE02spshb3nzJE=,q125xRJM6snej1oYRprso8yVM+8=
19,-19,p2vZ0UW5VFUluPE02spshb3nzJE=,Q004c9ST+bsbBD7d0Izv2gSUYko=
19,-17,p2vZ0UW5VFUluPE02spshb3nzJE=,q125xRJM6snej1oYRprso8yVM+8=
16,-20,p2vZ0UW5VFUluPE02spshb3nzJE=,ln4KK4amVEkViJUSM+G1RPEYbmg=
19,-20,p2vZ0UW5VFUluPE02spshb3nzJE=,Q004c9ST+bsbBD7d0Izv2gSUYko=
18,-18,p2vZ0UW5VFUluPE02spshb3nzJE=,q125xRJM6snej1oYRprso8yVM+8=
18,-17,p2vZ0UW5VFUluPE02spshb3nzJE=,q125xRJM6snej1oYRprso8yVM+8=
17,-19,p2vZ0UW5VFUluPE02spshb3nzJE=,ln4KK4amVEkViJUSM+G1RPEYbmg=
16,-19,p2vZ0UW5VFUluPE02spshb3nzJE=,ln4KK4amVEkViJUSM+G1RPEYbmg=
18,-19,p2vZ0UW5VFUluPE02spshb3nzJE=,Q004c9ST+bsbBD7d0Izv2gSUYko=
16,-18,p2vZ0UW5VFUluPE02spshb3nzJE=,jVIZZlwrt/n3uU2WVbvL/OHZqHc=
17,-18,p2vZ0UW5VFUluPE02spshb3nzJE=,jVIZZlwrt/n3uU2WVbvL/OHZqHc=
17,-17,p2vZ0UW5VFUluPE02spshb3nzJE=,jVIZZlwrt/n3uU2WVbvL/OHZqHc=
16,-17,p2vZ0UW5VFUluPE02spshb3nzJE=,jVIZZlwrt/n3uU2WVbvL/OHZqHc=
14,-19,Bbq6UC9ykXrB3kEm0I+7344WxWA=,NYMI/hAFKXj5xgyhZBQ/j9b8fjY=
13,-19,Bbq6UC9ykXrB3kEm0I+7344WxWA=,/HLDXoLNsuO7uN5o23j/UwNkzDk=
12,-19,Bbq6UC9ykXrB3kEm0I+7344WxWA=,/HLDXoLNsuO7uN5o23j/UwNkzDk=
11,-19,Bbq6UC9ykXrB3kEm0I+7344WxWA=,tt5HvDN0YV6WDzfmAnaLMv2FvSI=
14,-18,Bbq6UC9ykXrB3kEm0I+7344WxWA=,iWYDI5EBz9NwZ8Sjl8obL+3zRSY=
9,-19,Bbq6UC9ykXrB3kEm0I+7344WxWA=,iQ1YpiiCPWKBdTCWGmbq12CRk18=
10,-19,Bbq6UC9ykXrB3kEm0I+7344WxWA=,tt5HvDN0YV6WDzfmAnaLMv2FvSI=
11,-18,Bbq6UC9ykXrB3kEm0I+7344WxWA=,ZnnbusA3bx6F3ov9HfvaNcWTzCE=
9,-18,Bbq6UC9ykXrB3kEm0I+7344WxWA=,ZkNZSKwjpAaGioNjji0mkkoVMfU=
10,-18,Bbq6UC9ykXrB3kEm0I+7344WxWA=,ZnnbusA3bx6F3ov9HfvaNcWTzCE=
13,-18,Bbq6UC9ykXrB3kEm0I+7344WxWA=,9dq/h4WXq+MpFe4btNKpUUZVQvM=
12,-18,Bbq6UC9ykXrB3kEm0I+7344WxWA=,9dq/h4WXq+MpFe4btNKpUUZVQvM=
8,-19,Bbq6UC9ykXrB3kEm0I+7344WxWA=,iQ1YpiiCPWKBdTCWGmbq12CRk18=
7,-19,Bbq6UC9ykXrB3kEm0I+7344WxWA=,XP4vbUXWVAGZ7gkCmQH/2NbRS2I=
5,-19,Bbq6UC9ykXrB3kEm0I+7344WxWA=,IFHB97XQ5DLOmQ9D9iHlwEllKq8=
6,-19,Bbq6UC9ykXrB3kEm0I+7344WxWA=,XP4vbUXWVAGZ7gkCmQH/2NbRS2I=
8,-18,Bbq6UC9ykXrB3kEm0I+7344WxWA=,ZkNZSKwjpAaGioNjji0mkkoVMfU=
7,-18,Bbq6UC9ykXrB3kEm0I+7344WxWA=,l6PrXTzZV2RqNcmGdG2sruYflok=
6,-18,Bbq6UC9ykXrB3kEm0I+7344WxWA=,l6PrXTzZV2RqNcmGdG2sruYflok=
5,-18,Bbq6UC9ykXrB3kEm0I+7344WxWA=,kRw71N6wf6tAkZKruCB8CXFPMls=
6,-17,Bbq6UC9ykXrB3kEm0I+7344WxWA=,l6PrXTzZV2RqNcmGdG2sruYflok=
5,-17,Bbq6UC9ykXrB3kEm0I+7344WxWA=,kRw71N6wf6tAkZKruCB8CXFPMls=
4,-19,Bbq6UC9ykXrB3kEm0I+7344WxWA=,IFHB97XQ5DLOmQ9D9iHlwEllKq8=
3,-19,Bbq6UC9ykXrB3kEm0I+7344WxWA=,wp3y71fw3ldeTb+KU+/LpgBW/w0=
0,-20,Bbq6UC9ykXrB3kEm0I+7344WxWA=,wrCscJKcrSiM4KrcVr43pSo82IE=
0,-19,Bbq6UC9ykXrB3kEm0I+7344WxWA=,wrCscJKcrSiM4KrcVr43pSo82IE=
2,-19,Bbq6UC9ykXrB3kEm0I+7344WxWA=,wp3y71fw3ldeTb+KU+/LpgBW/w0=
1,-19,Bbq6UC9ykXrB3kEm0I+7344WxWA=,wrCscJKcrSiM4KrcVr43pSo82IE=
3,-18,Bbq6UC9ykXrB3kEm0I+7344WxWA=,b707xZ9zbvdXr0xZ6uNMw9ZjuYI=
4,-18,Bbq6UC9ykXrB3kEm0I+7344WxWA=,kRw71N6wf6tAkZKruCB8CXFPMls=
2,-18,Bbq6UC9ykXrB3kEm0I+7344WxWA=,b707xZ9zbvdXr0xZ6uNMw9ZjuYI=
1,-18,Bbq6UC9ykXrB3kEm0I+7344WxWA=,du7JWbA4vwxuzLb5wbQubMNCArQ=
3,-17,Bbq6UC9ykXrB3kEm0I+7344WxWA=,b707xZ9zbvdXr0xZ6uNMw9ZjuYI=
4,-17,Bbq6UC9ykXrB3kEm0I+7344WxWA=,kRw71N6wf6tAkZKruCB8CXFPMls=
2,-17,Bbq6UC9ykXrB3kEm0I+7344WxWA=,b707xZ9zbvdXr0xZ6uNMw9ZjuYI=
0,-17,Bbq6UC9ykXrB3kEm0I+7344WxWA=,du7JWbA4vwxuzLb5wbQubMNCArQ=
10,-20,Bbq6UC9ykXrB3kEm0I+7344WxWA=,tt5HvDN0YV6WDzfmAnaLMv2FvSI=
9,-20,Bbq6UC9ykXrB3kEm0I+7344WxWA=,iQ1YpiiCPWKBdTCWGmbq12CRk18=
14,-20,Bbq6UC9ykXrB3kEm0I+7344WxWA=,NYMI/hAFKXj5xgyhZBQ/j9b8fjY=
12,-20,Bbq6UC9ykXrB3kEm0I+7344WxWA=,/HLDXoLNsuO7uN5o23j/UwNkzDk=
13,-20,Bbq6UC9ykXrB3kEm0I+7344WxWA=,/HLDXoLNsuO7uN5o23j/UwNkzDk=
11,-20,Bbq6UC9ykXrB3kEm0I+7344WxWA=,tt5HvDN0YV6WDzfmAnaLMv2FvSI=
15,-20,Bbq6UC9ykXrB3kEm0I+7344WxWA=,NYMI/hAFKXj5xgyhZBQ/j9b8fjY=
4,-20,Bbq6UC9ykXrB3kEm0I+7344WxWA=,IFHB97XQ5DLOmQ9D9iHlwEllKq8=
2,-20,Bbq6UC9ykXrB3kEm0I+7344WxWA=,wp3y71fw3ldeTb+KU+/LpgBW/w0=
3,-20,Bbq6UC9ykXrB3kEm0I+7344WxWA=,wp3y71fw3ldeTb+KU+/LpgBW/w0=
1,-20,Bbq6UC9ykXrB3kEm0I+7344WxWA=,wrCscJKcrSiM4KrcVr43pSo82IE=
5,-20,Bbq6UC9ykXrB3kEm0I+7344WxWA=,IFHB97XQ5DLOmQ9D9iHlwEllKq8=
6,-20,Bbq6UC9ykXrB3kEm0I+7344WxWA=,XP4vbUXWVAGZ7gkCmQH/2NbRS2I=
7,-20,Bbq6UC9ykXrB3kEm0I+7344WxWA=,XP4vbUXWVAGZ7gkCmQH/2NbRS2I=
8,-20,Bbq6UC9ykXrB3kEm0I+7344WxWA=,iQ1YpiiCPWKBdTCWGmbq12CRk18=
15,-19,Bbq6UC9ykXrB3kEm0I+7344WxWA=,NYMI/hAFKXj5xgyhZBQ/j9b8fjY=
11,-17,Bbq6UC9ykXrB3kEm0I+7344WxWA=,ZnnbusA3bx6F3ov9HfvaNcWTzCE=
7,-17,Bbq6UC9ykXrB3kEm0I+7344WxWA=,l6PrXTzZV2RqNcmGdG2sruYflok=
13,-17,mVdU0UXd9T2npl9lAE9o+c+Rw0Q=,9dq/h4WXq+MpFe4btNKpUUZVQvM=
10,-17,mVdU0UXd9T2npl9lAE9o+c+Rw0Q=,ZnnbusA3bx6F3ov9HfvaNcWTzCE=
15,-17,mVdU0UXd9T2npl9lAE9o+c+Rw0Q=,iWYDI5EBz9NwZ8Sjl8obL+3zRSY=
0,-18,mVdU0UXd9T2npl9lAE9o+c+Rw0Q=,du7JWbA4vwxuzLb5wbQubMNCArQ=
9,-17,mVdU0UXd9T2npl9lAE9o+c+Rw0Q=,ZkNZSKwjpAaGioNjji0mkkoVMfU=
15,-18,mVdU0UXd9T2npl9lAE9o+c+Rw0Q=,iWYDI5EBz9NwZ8Sjl8obL+3zRSY=
12,-17,mVdU0UXd9T2npl9lAE9o+c+Rw0Q=,9dq/h4WXq+MpFe4btNKpUUZVQvM=
8,-17,mVdU0UXd9T2npl9lAE9o+c+Rw0Q=,ZkNZSKwjpAaGioNjji0mkkoVMfU=
14,-17,mVdU0UXd9T2npl9lAE9o+c+Rw0Q=,iWYDI5EBz9NwZ8Sjl8obL+3zRSY=
1,-17,mVdU0UXd9T2npl9lAE9o+c+Rw0Q=,du7JWbA4vwxuzLb5wbQubMNCArQ=
1,-2,mVdU0UXd9T2npl9lAE9o+c+Rw0Q=,F1Hms88yrlIXuFP5xD7DTSamdCg=
2,-2,mVdU0UXd9T2npl9lAE9o+c+Rw0Q=,+bFy4yEpqZmICdVP92qL7c5X+EI=
2,-3,mVdU0UXd9T2npl9lAE9o+c+Rw0Q=,tzXyScedBiGGZZcsBj6FQ9FNVwE=
1,-3,mVdU0UXd9T2npl9lAE9o+c+Rw0Q=,ffMscgI+OV+BV4cW8ZdFwT5nODw=
3,-3,mVdU0UXd9T2npl9lAE9o+c+Rw0Q=,tzXyScedBiGGZZcsBj6FQ9FNVwE=
3,-2,mVdU0UXd9T2npl9lAE9o+c+Rw0Q=,+bFy4yEpqZmICdVP92qL7c5X+EI=
4,-5,hcOdg+ytjAJmEOQTYRDtpKqMLE4=,D31OkQHfT1jM6Y8pdtWsStyWiBc=
4,-3,hcOdg+ytjAJmEOQTYRDtpKqMLE4=,PahftUpqby7SFQIUzk/PZ9bh5/g=
3,-4,hcOdg+ytjAJmEOQTYRDtpKqMLE4=,tzXyScedBiGGZZcsBj6FQ9FNVwE=
4,-2,hcOdg+ytjAJmEOQTYRDtpKqMLE4=,HHEIImOhaMxVDEcNb31RMjdT1fg=
3,-5,hcOdg+ytjAJmEOQTYRDtpKqMLE4=,qNsZicFY/a5WwRlo43gjCnE+yjo=
4,-4,hcOdg+ytjAJmEOQTYRDtpKqMLE4=,PahftUpqby7SFQIUzk/PZ9bh5/g=
3,-7,hcOdg+ytjAJmEOQTYRDtpKqMLE4=,woCKwMZ/GRSl+Vpkr996031JedY=
4,-8,hcOdg+ytjAJmEOQTYRDtpKqMLE4=,XRp+q/GOjXxns9+oEwtErgdC/cU=
4,-9,hcOdg+ytjAJmEOQTYRDtpKqMLE4=,5sI9d9jeDwJxBsQhMeThXw/Nf6s=
3,-6,hcOdg+ytjAJmEOQTYRDtpKqMLE4=,qNsZicFY/a5WwRlo43gjCnE+yjo=
3,-9,hcOdg+ytjAJmEOQTYRDtpKqMLE4=,biQlqVQVQLgyU/20UN8LlI4dqwU=
4,-7,hcOdg+ytjAJmEOQTYRDtpKqMLE4=,XRp+q/GOjXxns9+oEwtErgdC/cU=
3,-8,hcOdg+ytjAJmEOQTYRDtpKqMLE4=,woCKwMZ/GRSl+Vpkr996031JedY=
4,-6,hcOdg+ytjAJmEOQTYRDtpKqMLE4=,D31OkQHfT1jM6Y8pdtWsStyWiBc=
1,-8,hcOdg+ytjAJmEOQTYRDtpKqMLE4=,zYy6KCChhdHIIJ4gVosspVdTkvs=
1,-9,hcOdg+ytjAJmEOQTYRDtpKqMLE4=,ktcfdqzU/gQzCo9b64mJJKvCldI=
2,-9,hcOdg+ytjAJmEOQTYRDtpKqMLE4=,biQlqVQVQLgyU/20UN8LlI4dqwU=
3,-10,hcOdg+ytjAJmEOQTYRDtpKqMLE4=,biQlqVQVQLgyU/20UN8LlI4dqwU=
2,-8,hcOdg+ytjAJmEOQTYRDtpKqMLE4=,woCKwMZ/GRSl+Vpkr996031JedY=
4,-10,hcOdg+ytjAJmEOQTYRDtpKqMLE4=,5sI9d9jeDwJxBsQhMeThXw/Nf6s=
4,-11,hcOdg+ytjAJmEOQTYRDtpKqMLE4=,b23o7LWJm8AyvkkoUIK+lM9Omes=
3,-11,hcOdg+ytjAJmEOQTYRDtpKqMLE4=,4BWAT1xo9HQDj7atUBBVuW/lxqc=
2,-10,o8v5z3Q69g0QG1UBec62FkMz0UA=,biQlqVQVQLgyU/20UN8LlI4dqwU=
1,-11,o8v5z3Q69g0QG1UBec62FkMz0UA=,WFVTbNH6YlK5tDZWETJB4mVX50I=
1,-10,o8v5z3Q69g0QG1UBec62FkMz0UA=,ktcfdqzU/gQzCo9b64mJJKvCldI=
2,-11,o8v5z3Q69g0QG1UBec62FkMz0UA=,4BWAT1xo9HQDj7atUBBVuW/lxqc=
1,-12,o8v5z3Q69g0QG1UBec62FkMz0UA=,WFVTbNH6YlK5tDZWETJB4mVX50I=
4,-12,o8v5z3Q69g0QG1UBec62FkMz0UA=,b23o7LWJm8AyvkkoUIK+lM9Omes=
4,-13,o8v5z3Q69g0QG1UBec62FkMz0UA=,Yp7jYYtWNbz2o9Aebp7KOAFXnC8=
3,-12,o8v5z3Q69g0QG1UBec62FkMz0UA=,4BWAT1xo9HQDj7atUBBVuW/lxqc=
3,-15,o8v5z3Q69g0QG1UBec62FkMz0UA=,iz2D6uQ1bQ47NNxcOvaAl4xdsdk=
2,-13,o8v5z3Q69g0QG1UBec62FkMz0UA=,YsUvfY65DdGAY66Jb/J7OxSz7WY=
3,-13,o8v5z3Q69g0QG1UBec62FkMz0UA=,YsUvfY65DdGAY66Jb/J7OxSz7WY=
2,-12,o8v5z3Q69g0QG1UBec62FkMz0UA=,4BWAT1xo9HQDj7atUBBVuW/lxqc=
3,-14,o8v5z3Q69g0QG1UBec62FkMz0UA=,YsUvfY65DdGAY66Jb/J7OxSz7WY=
1,-13,o8v5z3Q69g0QG1UBec62FkMz0UA=,EHnkPCKBM1s6LEsSwlqa5fi6Q/4=
4,-14,o8v5z3Q69g0QG1UBec62FkMz0UA=,Yp7jYYtWNbz2o9Aebp7KOAFXnC8=
1,-15,o8v5z3Q69g0QG1UBec62FkMz0UA=,GiaQuuHn3oM2cLJIA0P6YL7fDk4=
1,-14,o8v5z3Q69g0QG1UBec62FkMz0UA=,EHnkPCKBM1s6LEsSwlqa5fi6Q/4=
2,-15,o8v5z3Q69g0QG1UBec62FkMz0UA=,iz2D6uQ1bQ47NNxcOvaAl4xdsdk=
2,-14,o8v5z3Q69g0QG1UBec62FkMz0UA=,YsUvfY65DdGAY66Jb/J7OxSz7WY=
4,-15,o8v5z3Q69g0QG1UBec62FkMz0UA=,nztAmlBZapQodL2s6Ajhx5RJVzQ=
5,-14,o8v5z3Q69g0QG1UBec62FkMz0UA=,Yp7jYYtWNbz2o9Aebp7KOAFXnC8=
6,-15,o8v5z3Q69g0QG1UBec62FkMz0UA=,bBWwC56FxnBiSSSXpS6FnPBMNUw=
6,-14,o8v5z3Q69g0QG1UBec62FkMz0UA=,rM3soqyMCNpAiM+sXoU/Z/+X7QE=
5,-15,o8v5z3Q69g0QG1UBec62FkMz0UA=,nztAmlBZapQodL2s6Ajhx5RJVzQ=
7,-14,o8v5z3Q69g0QG1UBec62FkMz0UA=,rM3soqyMCNpAiM+sXoU/Z/+X7QE=
7,-15,o8v5z3Q69g0QG1UBec62FkMz0UA=,bBWwC56FxnBiSSSXpS6FnPBMNUw=
8,-15,o8v5z3Q69g0QG1UBec62FkMz0UA=,rIHJkhmv40glhGoQ+dvEVFDavIk=
8,-14,MM+YcmUhxwH2XYShyKHHvNHLddY=,N7B/Zmg2N//gwOun4yYQopWeIFc=
10,-14,MM+YcmUhxwH2XYShyKHHvNHLddY=,t8z4aDW7m3Z65SXx5U1bVUzuWAw=
10,-13,MM+YcmUhxwH2XYShyKHHvNHLddY=,t8z4aDW7m3Z65SXx5U1bVUzuWAw=
10,-12,MM+YcmUhxwH2XYShyKHHvNHLddY=,5bls/6LDtp+VcdIWVvZHdadTxLQ=
9,-14,MM+YcmUhxwH2XYShyKHHvNHLddY=,N7B/Zmg2N//gwOun4yYQopWeIFc=
9,-13,MM+YcmUhxwH2XYShyKHHvNHLddY=,N7B/Zmg2N//gwOun4yYQopWeIFc=
9,-12,MM+YcmUhxwH2XYShyKHHvNHLddY=,p3W16iHH56wryGVSkVtgceBuiWM=
10,-15,MM+YcmUhxwH2XYShyKHHvNHLddY=,cJIniKvYRNTcmhsMnbsWB8DeD3A=
9,-15,MM+YcmUhxwH2XYShyKHHvNHLddY=,rIHJkhmv40glhGoQ+dvEVFDavIk=
9,-11,MM+YcmUhxwH2XYShyKHHvNHLddY=,p3W16iHH56wryGVSkVtgceBuiWM=
10,-11,MM+YcmUhxwH2XYShyKHHvNHLddY=,5bls/6LDtp+VcdIWVvZHdadTxLQ=
12,-12,MM+YcmUhxwH2XYShyKHHvNHLddY=,tXl7WFVTb1SF6EqQ32yxU9JC790=
11,-10,MM+YcmUhxwH2XYShyKHHvNHLddY=,fsA1RjcNNwGFecaBclPvlwXQRds=
13,-10,MM+YcmUhxwH2XYShyKHHvNHLddY=,e2IrciRDWSXTEMBvpZ0gvUSORxM=
11,-12,MM+YcmUhxwH2XYShyKHHvNHLddY=,5bls/6LDtp+VcdIWVvZHdadTxLQ=
13,-11,MM+YcmUhxwH2XYShyKHHvNHLddY=,tXl7WFVTb1SF6EqQ32yxU9JC790=
14,-11,MM+YcmUhxwH2XYShyKHHvNHLddY=,x2P6uCxv1E17fbCNz03lljmNf2Y=
11,-11,MM+YcmUhxwH2XYShyKHHvNHLddY=,5bls/6LDtp+VcdIWVvZHdadTxLQ=
12,-13,b9CaqSOGc2PMvxdp6/oqbT6eK80=,/XrA2WEHiI0NnaKLeKZWOBmPYUo=
11,-13,b9CaqSOGc2PMvxdp6/oqbT6eK80=,t8z4aDW7m3Z65SXx5U1bVUzuWAw=
14,-10,b9CaqSOGc2PMvxdp6/oqbT6eK80=,2G8DGnvH40IbyI5/2TNmCnTUCPE=
12,-10,b9CaqSOGc2PMvxdp6/oqbT6eK80=,e2IrciRDWSXTEMBvpZ0gvUSORxM=
13,-12,b9CaqSOGc2PMvxdp6/oqbT6eK80=,tXl7WFVTb1SF6EqQ32yxU9JC790=
12,-11,b9CaqSOGc2PMvxdp6/oqbT6eK80=,tXl7WFVTb1SF6EqQ32yxU9JC790=
13,-13,b9CaqSOGc2PMvxdp6/oqbT6eK80=,/XrA2WEHiI0NnaKLeKZWOBmPYUo=
12,-14,b9CaqSOGc2PMvxdp6/oqbT6eK80=,/XrA2WEHiI0NnaKLeKZWOBmPYUo=
14,-12,b9CaqSOGc2PMvxdp6/oqbT6eK80=,x2P6uCxv1E17fbCNz03lljmNf2Y=
11,-14,b9CaqSOGc2PMvxdp6/oqbT6eK80=,t8z4aDW7m3Z65SXx5U1bVUzuWAw=
14,-13,b9CaqSOGc2PMvxdp6/oqbT6eK80=,8AEeezgmBICbgfaKAU3cBTPIawc=
11,-15,b9CaqSOGc2PMvxdp6/oqbT6eK80=,cJIniKvYRNTcmhsMnbsWB8DeD3A=
12,-15,b9CaqSOGc2PMvxdp6/oqbT6eK80=,Eqi1mEyCUOfktO6IBwBqqAQj2jw=
15,-14,b9CaqSOGc2PMvxdp6/oqbT6eK80=,8AEeezgmBICbgfaKAU3cBTPIawc=
13,-15,b9CaqSOGc2PMvxdp6/oqbT6eK80=,Eqi1mEyCUOfktO6IBwBqqAQj2jw=
15,-13,b9CaqSOGc2PMvxdp6/oqbT6eK80=,8AEeezgmBICbgfaKAU3cBTPIawc=
15,-11,b9CaqSOGc2PMvxdp6/oqbT6eK80=,x2P6uCxv1E17fbCNz03lljmNf2Y=
9,-10,b9CaqSOGc2PMvxdp6/oqbT6eK80=,Smf09b08ZPnX7LzWOco3b2ps0fQ=
15,-10,b9CaqSOGc2PMvxdp6/oqbT6eK80=,2G8DGnvH40IbyI5/2TNmCnTUCPE=
15,-15,b9CaqSOGc2PMvxdp6/oqbT6eK80=,Dz67+9lvxU1DKg84uLSojTv0q3w=
15,-12,b9CaqSOGc2PMvxdp6/oqbT6eK80=,x2P6uCxv1E17fbCNz03lljmNf2Y=
10,-10,b9CaqSOGc2PMvxdp6/oqbT6eK80=,fsA1RjcNNwGFecaBclPvlwXQRds=
14,-14,b9CaqSOGc2PMvxdp6/oqbT6eK80=,8AEeezgmBICbgfaKAU3cBTPIawc=
14,-15,b9CaqSOGc2PMvxdp6/oqbT6eK80=,Dz67+9lvxU1DKg84uLSojTv0q3w=
13,-16,b9CaqSOGc2PMvxdp6/oqbT6eK80=,Eqi1mEyCUOfktO6IBwBqqAQj2jw=
13,-14,b9CaqSOGc2PMvxdp6/oqbT6eK80=,/XrA2WEHiI0NnaKLeKZWOBmPYUo=
14,-16,b9CaqSOGc2PMvxdp6/oqbT6eK80=,Dz67+9lvxU1DKg84uLSojTv0q3w=
14,-9,b9CaqSOGc2PMvxdp6/oqbT6eK80=,2G8DGnvH40IbyI5/2TNmCnTUCPE=
13,-9,b9CaqSOGc2PMvxdp6/oqbT6eK80=,e2IrciRDWSXTEMBvpZ0gvUSORxM=
13,-8,b9CaqSOGc2PMvxdp6/oqbT6eK80=,3sJSuA36C0jl/KIR1Uz8BOAmIZE=
14,-8,b9CaqSOGc2PMvxdp6/oqbT6eK80=,BZ/P+Mj+d4Kl69Ymf6eALj1Vmho=
13,-6,b9CaqSOGc2PMvxdp6/oqbT6eK80=,3OwRqDN52lyXzf2av2bwwzKTuSc=
13,-4,QggtijseWU5auulGZVvKVCDrmes=,DOrAePXHtr1aJal7UgyWMNXDwRo=
13,-7,QggtijseWU5auulGZVvKVCDrmes=,3sJSuA36C0jl/KIR1Uz8BOAmIZE=
13,-5,QggtijseWU5auulGZVvKVCDrmes=,3OwRqDN52lyXzf2av2bwwzKTuSc=
14,-6,QggtijseWU5auulGZVvKVCDrmes=,B6r1yhxyFod3TieVbrhUUC4Ra1A=
14,-4,QggtijseWU5auulGZVvKVCDrmes=,otPbmVX/099IEyrWDxBPRUmxRZk=
14,-5,QggtijseWU5auulGZVvKVCDrmes=,B6r1yhxyFod3TieVbrhUUC4Ra1A=
14,-7,QggtijseWU5auulGZVvKVCDrmes=,BZ/P+Mj+d4Kl69Ymf6eALj1Vmho=
14,-3,QggtijseWU5auulGZVvKVCDrmes=,otPbmVX/099IEyrWDxBPRUmxRZk=
11,-3,QggtijseWU5auulGZVvKVCDrmes=,gPeYoyE/0tWdoG4PSlcfo6fPVuk=
13,-3,QggtijseWU5auulGZVvKVCDrmes=,DOrAePXHtr1aJal7UgyWMNXDwRo=
12,-2,QggtijseWU5auulGZVvKVCDrmes=,6/1Bp7a1gkIR5KZh/5MZr8m1y14=
11,-2,QggtijseWU5auulGZVvKVCDrmes=,4JhuP47i4OYdk0cV52wG7KAWEVc=
13,-2,QggtijseWU5auulGZVvKVCDrmes=,6/1Bp7a1gkIR5KZh/5MZr8m1y14=
12,-3,QggtijseWU5auulGZVvKVCDrmes=,DOrAePXHtr1aJal7UgyWMNXDwRo=
10,-3,QggtijseWU5auulGZVvKVCDrmes=,gPeYoyE/0tWdoG4PSlcfo6fPVuk=
8,-3,QggtijseWU5auulGZVvKVCDrmes=,WknWfWu5d3C4qMZcOluUwcud+SI=
14,-2,BLfkbVyPoVC0WoPMiMdSARph1jg=,MFOkBewst6a4ACBj2xqty8DQci4=
5,-5,BLfkbVyPoVC0WoPMiMdSARph1jg=,D31OkQHfT1jM6Y8pdtWsStyWiBc=
7,-2,BLfkbVyPoVC0WoPMiMdSARph1jg=,Flt79kdOmf4+6mx/9puuREvKaIM=
10,-2,BLfkbVyPoVC0WoPMiMdSARph1jg=,4JhuP47i4OYdk0cV52wG7KAWEVc=
6,-2,BLfkbVyPoVC0WoPMiMdSARph1jg=,Flt79kdOmf4+6mx/9puuREvKaIM=
5,-6,BLfkbVyPoVC0WoPMiMdSARph1jg=,D31OkQHfT1jM6Y8pdtWsStyWiBc=
6,-4,BLfkbVyPoVC0WoPMiMdSARph1jg=,+dBCmRIx8DOxfQId62RLyPJF4FI=
8,-2,BLfkbVyPoVC0WoPMiMdSARph1jg=,T7V7OPBqyzgL73WCbRDvxjdds+Q=
9,-3,BLfkbVyPoVC0WoPMiMdSARph1jg=,WknWfWu5d3C4qMZcOluUwcud+SI=
9,-2,BLfkbVyPoVC0WoPMiMdSARph1jg=,T7V7OPBqyzgL73WCbRDvxjdds+Q=
5,-2,BLfkbVyPoVC0WoPMiMdSARph1jg=,HHEIImOhaMxVDEcNb31RMjdT1fg=
5,-4,BLfkbVyPoVC0WoPMiMdSARph1jg=,PahftUpqby7SFQIUzk/PZ9bh5/g=
5,-3,BLfkbVyPoVC0WoPMiMdSARph1jg=,PahftUpqby7SFQIUzk/PZ9bh5/g=
6,-6,BLfkbVyPoVC0WoPMiMdSARph1jg=,mFATf3V2JVaJlc9CJO+LoquNHcg=
7,-3,BLfkbVyPoVC0WoPMiMdSARph1jg=,+dBCmRIx8DOxfQId62RLyPJF4FI=
7,-13,BLfkbVyPoVC0WoPMiMdSARph1jg=,rM3soqyMCNpAiM+sXoU/Z/+X7QE=
6,-5,BLfkbVyPoVC0WoPMiMdSARph1jg=,mFATf3V2JVaJlc9CJO+LoquNHcg=
5,-8,BLfkbVyPoVC0WoPMiMdSARph1jg=,XRp+q/GOjXxns9+oEwtErgdC/cU=
6,-11,BLfkbVyPoVC0WoPMiMdSARph1jg=,iBfWrYcD14BxPxkcXubGUiwz4gk=
6,-8,BLfkbVyPoVC0WoPMiMdSARph1jg=,+b45QXeVfwsL1UQo4HKw+VDOufo=
6,-13,BLfkbVyPoVC0WoPMiMdSARph1jg=,rM3soqyMCNpAiM+sXoU/Z/+X7QE=
6,-3,BLfkbVyPoVC0WoPMiMdSARph1jg=,+dBCmRIx8DOxfQId62RLyPJF4FI=
7,-9,BLfkbVyPoVC0WoPMiMdSARph1jg=,05ySmqLGOlpfz+epoLzsBjPFR6U=
5,-12,BLfkbVyPoVC0WoPMiMdSARph1jg=,b23o7LWJm8AyvkkoUIK+lM9Omes=
5,-7,nc1wWO+N03gOQl8P1yIfdP2eBy0=,XRp+q/GOjXxns9+oEwtErgdC/cU=
8,-12,nc1wWO+N03gOQl8P1yIfdP2eBy0=,p3W16iHH56wryGVSkVtgceBuiWM=
12,-4,nc1wWO+N03gOQl8P1yIfdP2eBy0=,DOrAePXHtr1aJal7UgyWMNXDwRo=
7,-4,nc1wWO+N03gOQl8P1yIfdP2eBy0=,+dBCmRIx8DOxfQId62RLyPJF4FI=
8,-4,nc1wWO+N03gOQl8P1yIfdP2eBy0=,WknWfWu5d3C4qMZcOluUwcud+SI=
5,-11,nc1wWO+N03gOQl8P1yIfdP2eBy0=,b23o7LWJm8AyvkkoUIK+lM9Omes=
8,-5,nc1wWO+N03gOQl8P1yIfdP2eBy0=,fnt3Nm3vMYsoU5MfJE8yJOaNbkQ=
5,-10,nc1wWO+N03gOQl8P1yIfdP2eBy0=,5sI9d9jeDwJxBsQhMeThXw/Nf6s=
6,-7,nc1wWO+N03gOQl8P1yIfdP2eBy0=,+b45QXeVfwsL1UQo4HKw+VDOufo=
7,-11,nc1wWO+N03gOQl8P1yIfdP2eBy0=,iBfWrYcD14BxPxkcXubGUiwz4gk=
6,-9,nc1wWO+N03gOQl8P1yIfdP2eBy0=,05ySmqLGOlpfz+epoLzsBjPFR6U=
7,-12,nc1wWO+N03gOQl8P1yIfdP2eBy0=,iBfWrYcD14BxPxkcXubGUiwz4gk=
7,-10,nc1wWO+N03gOQl8P1yIfdP2eBy0=,05ySmqLGOlpfz+epoLzsBjPFR6U=
6,-12,nc1wWO+N03gOQl8P1yIfdP2eBy0=,iBfWrYcD14BxPxkcXubGUiwz4gk=
5,-13,nc1wWO+N03gOQl8P1yIfdP2eBy0=,Yp7jYYtWNbz2o9Aebp7KOAFXnC8=
7,-5,nc1wWO+N03gOQl8P1yIfdP2eBy0=,mFATf3V2JVaJlc9CJO+LoquNHcg=
5,-9,nc1wWO+N03gOQl8P1yIfdP2eBy0=,5sI9d9jeDwJxBsQhMeThXw/Nf6s=
12,-5,nc1wWO+N03gOQl8P1yIfdP2eBy0=,3OwRqDN52lyXzf2av2bwwzKTuSc=
8,-13,nc1wWO+N03gOQl8P1yIfdP2eBy0=,N7B/Zmg2N//gwOun4yYQopWeIFc=
6,-10,nc1wWO+N03gOQl8P1yIfdP2eBy0=,05ySmqLGOlpfz+epoLzsBjPFR6U=
8,-11,nc1wWO+N03gOQl8P1yIfdP2eBy0=,p3W16iHH56wryGVSkVtgceBuiWM=
8,-10,nc1wWO+N03gOQl8P1yIfdP2eBy0=,Smf09b08ZPnX7LzWOco3b2ps0fQ=
11,-4,nc1wWO+N03gOQl8P1yIfdP2eBy0=,gPeYoyE/0tWdoG4PSlcfo6fPVuk=
8,-9,nc1wWO+N03gOQl8P1yIfdP2eBy0=,Smf09b08ZPnX7LzWOco3b2ps0fQ=
4,-16,nc1wWO+N03gOQl8P1yIfdP2eBy0=,nztAmlBZapQodL2s6Ajhx5RJVzQ=
9,-4,nc1wWO+N03gOQl8P1yIfdP2eBy0=,WknWfWu5d3C4qMZcOluUwcud+SI=
8,-6,nc1wWO+N03gOQl8P1yIfdP2eBy0=,fnt3Nm3vMYsoU5MfJE8yJOaNbkQ=
10,-5,nc1wWO+N03gOQl8P1yIfdP2eBy0=,vjbHtEz0mkU4+SB+ATON/nqOTXQ=
11,-5,nc1wWO+N03gOQl8P1yIfdP2eBy0=,vjbHtEz0mkU4+SB+ATON/nqOTXQ=
9,-5,nc1wWO+N03gOQl8P1yIfdP2eBy0=,fnt3Nm3vMYsoU5MfJE8yJOaNbkQ=
3,-16,nc1wWO+N03gOQl8P1yIfdP2eBy0=,iz2D6uQ1bQ47NNxcOvaAl4xdsdk=
12,-16,nc1wWO+N03gOQl8P1yIfdP2eBy0=,Eqi1mEyCUOfktO6IBwBqqAQj2jw=
7,-6,nc1wWO+N03gOQl8P1yIfdP2eBy0=,mFATf3V2JVaJlc9CJO+LoquNHcg=
9,-9,nc1wWO+N03gOQl8P1yIfdP2eBy0=,Smf09b08ZPnX7LzWOco3b2ps0fQ=
7,-8,nc1wWO+N03gOQl8P1yIfdP2eBy0=,+b45QXeVfwsL1UQo4HKw+VDOufo=
8,-16,nc1wWO+N03gOQl8P1yIfdP2eBy0=,rIHJkhmv40glhGoQ+dvEVFDavIk=
8,-7,nc1wWO+N03gOQl8P1yIfdP2eBy0=,NU4XOgUJ3Iine0Tpun4aJbgZmp4=
7,-7,nc1wWO+N03gOQl8P1yIfdP2eBy0=,+b45QXeVfwsL1UQo4HKw+VDOufo=
10,-4,nc1wWO+N03gOQl8P1yIfdP2eBy0=,gPeYoyE/0tWdoG4PSlcfo6fPVuk=
10,-16,nc1wWO+N03gOQl8P1yIfdP2eBy0=,cJIniKvYRNTcmhsMnbsWB8DeD3A=
8,-8,nc1wWO+N03gOQl8P1yIfdP2eBy0=,NU4XOgUJ3Iine0Tpun4aJbgZmp4=
9,-16,nc1wWO+N03gOQl8P1yIfdP2eBy0=,rIHJkhmv40glhGoQ+dvEVFDavIk=
11,-16,nc1wWO+N03gOQl8P1yIfdP2eBy0=,cJIniKvYRNTcmhsMnbsWB8DeD3A=
7,-16,nc1wWO+N03gOQl8P1yIfdP2eBy0=,bBWwC56FxnBiSSSXpS6FnPBMNUw=
9,-6,nc1wWO+N03gOQl8P1yIfdP2eBy0=,fnt3Nm3vMYsoU5MfJE8yJOaNbkQ=
5,-16,nc1wWO+N03gOQl8P1yIfdP2eBy0=,nztAmlBZapQodL2s6Ajhx5RJVzQ=
0,-15,nc1wWO+N03gOQl8P1yIfdP2eBy0=,GiaQuuHn3oM2cLJIA0P6YL7fDk4=
11,-6,nc1wWO+N03gOQl8P1yIfdP2eBy0=,vjbHtEz0mkU4+SB+ATON/nqOTXQ=
6,-16,nc1wWO+N03gOQl8P1yIfdP2eBy0=,bBWwC56FxnBiSSSXpS6FnPBMNUw=
9,-7,nc1wWO+N03gOQl8P1yIfdP2eBy0=,NU4XOgUJ3Iine0Tpun4aJbgZmp4=
9,-8,nc1wWO+N03gOQl8P1yIfdP2eBy0=,NU4XOgUJ3Iine0Tpun4aJbgZmp4=
0,-14,nc1wWO+N03gOQl8P1yIfdP2eBy0=,EHnkPCKBM1s6LEsSwlqa5fi6Q/4=
12,-6,nc1wWO+N03gOQl8P1yIfdP2eBy0=,3OwRqDN52lyXzf2av2bwwzKTuSc=
0,-11,nc1wWO+N03gOQl8P1yIfdP2eBy0=,WFVTbNH6YlK5tDZWETJB4mVX50I=
12,-7,nc1wWO+N03gOQl8P1yIfdP2eBy0=,3sJSuA36C0jl/KIR1Uz8BOAmIZE=
10,-6,/cgW2gsihNR0mNqfXLykAMdNWcY=,vjbHtEz0mkU4+SB+ATON/nqOTXQ=
0,-12,/cgW2gsihNR0mNqfXLykAMdNWcY=,WFVTbNH6YlK5tDZWETJB4mVX50I=
12,-9,/cgW2gsihNR0mNqfXLykAMdNWcY=,e2IrciRDWSXTEMBvpZ0gvUSORxM=
11,-9,/cgW2gsihNR0mNqfXLykAMdNWcY=,fsA1RjcNNwGFecaBclPvlwXQRds=
0,-13,/cgW2gsihNR0mNqfXLykAMdNWcY=,EHnkPCKBM1s6LEsSwlqa5fi6Q/4=
12,-8,/cgW2gsihNR0mNqfXLykAMdNWcY=,3sJSuA36C0jl/KIR1Uz8BOAmIZE=
11,-8,/cgW2gsihNR0mNqfXLykAMdNWcY=,ld0O2tevvHLOTNssHRQk2ZdnDmY=
0,-10,/cgW2gsihNR0mNqfXLykAMdNWcY=,ktcfdqzU/gQzCo9b64mJJKvCldI=
11,-7,/cgW2gsihNR0mNqfXLykAMdNWcY=,ld0O2tevvHLOTNssHRQk2ZdnDmY=
0,-9,/cgW2gsihNR0mNqfXLykAMdNWcY=,ktcfdqzU/gQzCo9b64mJJKvCldI=
10,-7,/cgW2gsihNR0mNqfXLykAMdNWcY=,ld0O2tevvHLOTNssHRQk2ZdnDmY=
0,-8,/cgW2gsihNR0mNqfXLykAMdNWcY=,zYy6KCChhdHIIJ4gVosspVdTkvs=
15,-16,/cgW2gsihNR0mNqfXLykAMdNWcY=,Dz67+9lvxU1DKg84uLSojTv0q3w=
10,-8,/cgW2gsihNR0mNqfXLykAMdNWcY=,ld0O2tevvHLOTNssHRQk2ZdnDmY=
10,-9,/cgW2gsihNR0mNqfXLykAMdNWcY=,fsA1RjcNNwGFecaBclPvlwXQRds=
2,-4,/cgW2gsihNR0mNqfXLykAMdNWcY=,tzXyScedBiGGZZcsBj6FQ9FNVwE=
0,-2,/cgW2gsihNR0mNqfXLykAMdNWcY=,F1Hms88yrlIXuFP5xD7DTSamdCg=
0,-1,/cgW2gsihNR0mNqfXLykAMdNWcY=,F1Hms88yrlIXuFP5xD7DTSamdCg=
1,-4,/cgW2gsihNR0mNqfXLykAMdNWcY=,ffMscgI+OV+BV4cW8ZdFwT5nODw=
0,-3,/cgW2gsihNR0mNqfXLykAMdNWcY=,ffMscgI+OV+BV4cW8ZdFwT5nODw=
13,-1,/cgW2gsihNR0mNqfXLykAMdNWcY=,6/1Bp7a1gkIR5KZh/5MZr8m1y14=
0,-4,/cgW2gsihNR0mNqfXLykAMdNWcY=,ffMscgI+OV+BV4cW8ZdFwT5nODw=
15,-9,/cgW2gsihNR0mNqfXLykAMdNWcY=,2G8DGnvH40IbyI5/2TNmCnTUCPE=
15,-8,/cgW2gsihNR0mNqfXLykAMdNWcY=,BZ/P+Mj+d4Kl69Ymf6eALj1Vmho=
10,-1,/cgW2gsihNR0mNqfXLykAMdNWcY=,4JhuP47i4OYdk0cV52wG7KAWEVc=
8,-1,/cgW2gsihNR0mNqfXLykAMdNWcY=,T7V7OPBqyzgL73WCbRDvxjdds+Q=
1,-6,/cgW2gsihNR0mNqfXLykAMdNWcY=,RUwEGHLl8hIJDI2+lW4CODTfXiY=
12,-1,/cgW2gsihNR0mNqfXLykAMdNWcY=,6/1Bp7a1gkIR5KZh/5MZr8m1y14=
9,-1,/cgW2gsihNR0mNqfXLykAMdNWcY=,T7V7OPBqyzgL73WCbRDvxjdds+Q=
7,-1,/cgW2gsihNR0mNqfXLykAMdNWcY=,Flt79kdOmf4+6mx/9puuREvKaIM=
2,-6,/cgW2gsihNR0mNqfXLykAMdNWcY=,qNsZicFY/a5WwRlo43gjCnE+yjo=
15,-3,8hECFRpqY+3+IwJ4urkKv2Gp8Tc=,otPbmVX/099IEyrWDxBPRUmxRZk=
2,-1,8hECFRpqY+3+IwJ4urkKv2Gp8Tc=,+bFy4yEpqZmICdVP92qL7c5X+EI=
0,-6,8hECFRpqY+3+IwJ4urkKv2Gp8Tc=,RUwEGHLl8hIJDI2+lW4CODTfXiY=
15,-6,8hECFRpqY+3+IwJ4urkKv2Gp8Tc=,B6r1yhxyFod3TieVbrhUUC4Ra1A=
14,-1,8hECFRpqY+3+IwJ4urkKv2Gp8Tc=,MFOkBewst6a4ACBj2xqty8DQci4=
11,-1,8hECFRpqY+3+IwJ4urkKv2Gp8Tc=,4JhuP47i4OYdk0cV52wG7KAWEVc=
6,-1,8hECFRpqY+3+IwJ4urkKv2Gp8Tc=,Flt79kdOmf4+6mx/9puuREvKaIM=
2,-16,8hECFRpqY+3+IwJ4urkKv2Gp8Tc=,iz2D6uQ1bQ47NNxcOvaAl4xdsdk=
15,-5,8hECFRpqY+3+IwJ4urkKv2Gp8Tc=,B6r1yhxyFod3TieVbrhUUC4Ra1A=
1,-7,8hECFRpqY+3+IwJ4urkKv2Gp8Tc=,zYy6KCChhdHIIJ4gVosspVdTkvs=
0,-16,8hECFRpqY+3+IwJ4urkKv2Gp8Tc=,GiaQuuHn3oM2cLJIA0P6YL7fDk4=
0,-5,8hECFRpqY+3+IwJ4urkKv2Gp8Tc=,RUwEGHLl8hIJDI2+lW4CODTfXiY=
1,-16,8hECFRpqY+3+IwJ4urkKv2Gp8Tc=,GiaQuuHn3oM2cLJIA0P6YL7fDk4=
3,-1,8hECFRpqY+3+IwJ4urkKv2Gp8Tc=,+bFy4yEpqZmICdVP92qL7c5X+EI=
1,-5,8hECFRpqY+3+IwJ4urkKv2Gp8Tc=,RUwEGHLl8hIJDI2+lW4CODTfXiY=
1,-1,8hECFRpqY+3+IwJ4urkKv2Gp8Tc=,F1Hms88yrlIXuFP5xD7DTSamdCg=
0,-7,8hECFRpqY+3+IwJ4urkKv2Gp8Tc=,zYy6KCChhdHIIJ4gVosspVdTkvs=
15,-4,8hECFRpqY+3+IwJ4urkKv2Gp8Tc=,otPbmVX/099IEyrWDxBPRUmxRZk=
5,-1,8hECFRpqY+3+IwJ4urkKv2Gp8Tc=,HHEIImOhaMxVDEcNb31RMjdT1fg=
15,-7,8hECFRpqY+3+IwJ4urkKv2Gp8Tc=,BZ/P+Mj+d4Kl69Ymf6eALj1Vmho=
15,-1,8hECFRpqY+3+IwJ4urkKv2Gp8Tc=,MFOkBewst6a4ACBj2xqty8DQci4=
2,-5,8hECFRpqY+3+IwJ4urkKv2Gp8Tc=,qNsZicFY/a5WwRlo43gjCnE+yjo=
4,-1,8hECFRpqY+3+IwJ4urkKv2Gp8Tc=,HHEIImOhaMxVDEcNb31RMjdT1fg=
15,-2,8hECFRpqY+3+IwJ4urkKv2Gp8Tc=,MFOkBewst6a4ACBj2xqty8DQci4=
2,-7,8hECFRpqY+3+IwJ4urkKv2Gp8Tc=,woCKwMZ/GRSl+Vpkr996031JedY=
