-78,51,gxxgShlzUsEKx3ir7hnXxVDtp+g=,ghBv/R0rWIM4Ep6Wr22YghMiHZc=
-77,51,gxxgShlzUsEKx3ir7hnXxVDtp+g=,ghBv/R0rWIM4Ep6Wr22YghMiHZc=
-76,51,gxxgShlzUsEKx3ir7hnXxVDtp+g=,ghBv/R0rWIM4Ep6Wr22YghMiHZc=
-76,53,gxxgShlzUsEKx3ir7hnXxVDtp+g=,ghBv/R0rWIM4Ep6Wr22YghMiHZc=
-75,53,gxxgShlzUsEKx3ir7hnXxVDtp+g=,ghBv/R0rWIM4Ep6Wr22YghMiHZc=
-74,54,gxxgShlzUsEKx3ir7hnXxVDtp+g=,ghBv/R0rWIM4Ep6Wr22YghMiHZc=
-75,51,gxxgShlzUsEKx3ir7hnXxVDtp+g=,ghBv/R0rWIM4Ep6Wr22YghMiHZc=
-79,57,gxxgShlzUsEKx3ir7hnXxVDtp+g=,fr4TUr/suLvVfXsSzLYg4APxaiE=
-78,57,gxxgShlzUsEKx3ir7hnXxVDtp+g=,fr4TUr/suLvVfXsSzLYg4APxaiE=
-77,57,gxxgShlzUsEKx3ir7hnXxVDtp+g=,fr4TUr/suLvVfXsSzLYg4APxaiE=
-76,57,gxxgShlzUsEKx3ir7hnXxVDtp+g=,fr4TUr/suLvVfXsSzLYg4APxaiE=
-79,56,gxxgShlzUsEKx3ir7hnXxVDtp+g=,fr4TUr/suLvVfXsSzLYg4APxaiE=
-75,57,gxxgShlzUsEKx3ir7hnXxVDtp+g=,fr4TUr/suLvVfXsSzLYg4APxaiE=
-74,57,gxxgShlzUsEKx3ir7hnXxVDtp+g=,fr4TUr/suLvVfXsSzLYg4APxaiE=
-79,58,gxxgShlzUsEKx3ir7hnXxVDtp+g=,fr4TUr/suLvVfXsSzLYg4APxaiE=
-78,58,gxxgShlzUsEKx3ir7hnXxVDtp+g=,fr4TUr/suLvVfXsSzLYg4APxaiE=
-78,56,gxxgShlzUsEKx3ir7hnXxVDtp+g=,fr4TUr/suLvVfXsSzLYg4APxaiE=
-77,56,gxxgShlzUsEKx3ir7hnXxVDtp+g=,fr4TUr/suLvVfXsSzLYg4APxaiE=
-77,58,gxxgShlzUsEKx3ir7hnXxVDtp+g=,fr4TUr/suLvVfXsSzLYg4APxaiE=
-76,58,gxxgShlzUsEKx3ir7hnXxVDtp+g=,fr4TUr/suLvVfXsSzLYg4APxaiE=
-75,58,gxxgShlzUsEKx3ir7hnXxVDtp+g=,fr4TUr/suLvVfXsSzLYg4APxaiE=
-74,58,gxxgShlzUsEKx3ir7hnXxVDtp+g=,fr4TUr/suLvVfXsSzLYg4APxaiE=
-79,59,gxxgShlzUsEKx3ir7hnXxVDtp+g=,fr4TUr/suLvVfXsSzLYg4APxaiE=
-76,56,gxxgShlzUsEKx3ir7hnXxVDtp+g=,fr4TUr/suLvVfXsSzLYg4APxaiE=
-78,59,gxxgShlzUsEKx3ir7hnXxVDtp+g=,fr4TUr/suLvVfXsSzLYg4APxaiE=
-77,59,gxxgShlzUsEKx3ir7hnXxVDtp+g=,fr4TUr/suLvVfXsSzLYg4APxaiE=
-75,56,gxxgShlzUsEKx3ir7hnXxVDtp+g=,fr4TUr/suLvVfXsSzLYg4APxaiE=
-76,59,gxxgShlzUsEKx3ir7hnXxVDtp+g=,fr4TUr/suLvVfXsSzLYg4APxaiE=
-75,59,gxxgShlzUsEKx3ir7hnXxVDtp+g=,fr4TUr/suLvVfXsSzLYg4APxaiE=
-74,59,gxxgShlzUsEKx3ir7hnXxVDtp+g=,fr4TUr/suLvVfXsSzLYg4APxaiE=
-74,56,gxxgShlzUsEKx3ir7hnXxVDtp+g=,fr4TUr/suLvVfXsSzLYg4APxaiE=
-79,60,gxxgShlzUsEKx3ir7hnXxVDtp+g=,fr4TUr/suLvVfXsSzLYg4APxaiE=
-78,60,gxxgShlzUsEKx3ir7hnXxVDtp+g=,fr4TUr/suLvVfXsSzLYg4APxaiE=
-77,60,gxxgShlzUsEKx3ir7hnXxVDtp+g=,fr4TUr/suLvVfXsSzLYg4APxaiE=
-76,60,gxxgShlzUsEKx3ir7hnXxVDtp+g=,fr4TUr/suLvVfXsSzLYg4APxaiE=
-79,55,gxxgShlzUsEKx3ir7hnXxVDtp+g=,ghBv/R0rWIM4Ep6Wr22YghMiHZc=
-75,60,gxxgShlzUsEKx3ir7hnXxVDtp+g=,fr4TUr/suLvVfXsSzLYg4APxaiE=
-74,60,gxxgShlzUsEKx3ir7hnXxVDtp+g=,fr4TUr/suLvVfXsSzLYg4APxaiE=
-79,61,gxxgShlzUsEKx3ir7hnXxVDtp+g=,fr4TUr/suLvVfXsSzLYg4APxaiE=
-78,61,gxxgShlzUsEKx3ir7hnXxVDtp+g=,fr4TUr/suLvVfXsSzLYg4APxaiE=
-77,61,gxxgShlzUsEKx3ir7hnXxVDtp+g=,fr4TUr/suLvVfXsSzLYg4APxaiE=
-76,61,gxxgShlzUsEKx3ir7hnXxVDtp+g=,fr4TUr/suLvVfXsSzLYg4APxaiE=
-78,55,gxxgShlzUsEKx3ir7hnXxVDtp+g=,ghBv/R0rWIM4Ep6Wr22YghMiHZc=
-75,61,gxxgShlzUsEKx3ir7hnXxVDtp+g=,fr4TUr/suLvVfXsSzLYg4APxaiE=
-74,61,gxxgShlzUsEKx3ir7hnXxVDtp+g=,fr4TUr/suLvVfXsSzLYg4APxaiE=
-79,62,gxxgShlzUsEKx3ir7hnXxVDtp+g=,fr4TUr/suLvVfXsSzLYg4APxaiE=
-78,62,gxxgShlzUsEKx3ir7hnXxVDtp+g=,fr4TUr/suLvVfXsSzLYg4APxaiE=
-77,62,gxxgShlzUsEKx3ir7hnXxVDtp+g=,fr4TUr/suLvVfXsSzLYg4APxaiE=
-76,62,gxxgShlzUsEKx3ir7hnXxVDtp+g=,fr4TUr/suLvVfXsSzLYg4APxaiE=
-75,62,gxxgShlzUsEKx3ir7hnXxVDtp+g=,fr4TUr/suLvVfXsSzLYg4APxaiE=
-77,55,gxxgShlzUsEKx3ir7hnXxVDtp+g=,ghBv/R0rWIM4Ep6Wr22YghMiHZc=
-74,62,gxxgShlzUsEKx3ir7hnXxVDtp+g=,fr4TUr/suLvVfXsSzLYg4APxaiE=
-76,55,gxxgShlzUsEKx3ir7hnXxVDtp+g=,ghBv/R0rWIM4Ep6Wr22YghMiHZc=
-75,55,gxxgShlzUsEKx3ir7hnXxVDtp+g=,ghBv/R0rWIM4Ep6Wr22YghMiHZc=
-74,55,gxxgShlzUsEKx3ir7hnXxVDtp+g=,ghBv/R0rWIM4Ep6Wr22YghMiHZc=
-75,54,gxxgShlzUsEKx3ir7hnXxVDtp+g=,ghBv/R0rWIM4Ep6Wr22YghMiHZc=
-79,50,gxxgShlzUsEKx3ir7hnXxVDtp+g=,ghBv/R0rWIM4Ep6Wr22YghMiHZc=
-76,54,gxxgShlzUsEKx3ir7hnXxVDtp+g=,ghBv/R0rWIM4Ep6Wr22YghMiHZc=
-76,52,gxxgShlzUsEKx3ir7hnXxVDtp+g=,ghBv/R0rWIM4Ep6Wr22YghMiHZc=
-74,51,gxxgShlzUsEKx3ir7hnXxVDtp+g=,ghBv/R0rWIM4Ep6Wr22YghMiHZc=
-75,52,gxxgShlzUsEKx3ir7hnXxVDtp+g=,ghBv/R0rWIM4Ep6Wr22YghMiHZc=
-74,53,gxxgShlzUsEKx3ir7hnXxVDtp+g=,ghBv/R0rWIM4Ep6Wr22YghMiHZc=
-74,52,gxxgShlzUsEKx3ir7hnXxVDtp+g=,ghBv/R0rWIM4Ep6Wr22YghMiHZc=
-79,52,gxxgShlzUsEKx3ir7hnXxVDtp+g=,ghBv/R0rWIM4Ep6Wr22YghMiHZc=
-78,52,gxxgShlzUsEKx3ir7hnXxVDtp+g=,ghBv/R0rWIM4Ep6Wr22YghMiHZc=
-79,54,gxxgShlzUsEKx3ir7hnXxVDtp+g=,ghBv/R0rWIM4Ep6Wr22YghMiHZc=
-78,50,gxxgShlzUsEKx3ir7hnXxVDtp+g=,ghBv/R0rWIM4Ep6Wr22YghMiHZc=
-77,50,gxxgShlzUsEKx3ir7hnXxVDtp+g=,ghBv/R0rWIM4Ep6Wr22YghMiHZc=
-79,53,gxxgShlzUsEKx3ir7hnXxVDtp+g=,ghBv/R0rWIM4Ep6Wr22YghMiHZc=
-77,52,gxxgShlzUsEKx3ir7hnXxVDtp+g=,ghBv/R0rWIM4Ep6Wr22YghMiHZc=
-76,50,gxxgShlzUsEKx3ir7hnXxVDtp+g=,ghBv/R0rWIM4Ep6Wr22YghMiHZc=
-75,50,gxxgShlzUsEKx3ir7hnXxVDtp+g=,ghBv/R0rWIM4Ep6Wr22YghMiHZc=
-74,50,gxxgShlzUsEKx3ir7hnXxVDtp+g=,ghBv/R0rWIM4Ep6Wr22YghMiHZc=
-78,54,gxxgShlzUsEKx3ir7hnXxVDtp+g=,ghBv/R0rWIM4Ep6Wr22YghMiHZc=
-79,51,gxxgShlzUsEKx3ir7hnXxVDtp+g=,ghBv/R0rWIM4Ep6Wr22YghMiHZc=
-79,49,gxxgShlzUsEKx3ir7hnXxVDtp+g=,ghBv/R0rWIM4Ep6Wr22YghMiHZc=
-78,53,gxxgShlzUsEKx3ir7hnXxVDtp+g=,ghBv/R0rWIM4Ep6Wr22YghMiHZc=
-78,49,gxxgShlzUsEKx3ir7hnXxVDtp+g=,ghBv/R0rWIM4Ep6Wr22YghMiHZc=
-77,49,gxxgShlzUsEKx3ir7hnXxVDtp+g=,ghBv/R0rWIM4Ep6Wr22YghMiHZc=
-76,49,gxxgShlzUsEKx3ir7hnXxVDtp+g=,ghBv/R0rWIM4Ep6Wr22YghMiHZc=
-77,54,gxxgShlzUsEKx3ir7hnXxVDtp+g=,ghBv/R0rWIM4Ep6Wr22YghMiHZc=
-77,53,gxxgShlzUsEKx3ir7hnXxVDtp+g=,ghBv/R0rWIM4Ep6Wr22YghMiHZc=
-75,49,gxxgShlzUsEKx3ir7hnXxVDtp+g=,ghBv/R0rWIM4Ep6Wr22YghMiHZc=
-74,49,gxxgShlzUsEKx3ir7hnXxVDtp+g=,ghBv/R0rWIM4Ep6Wr22YghMiHZc=
-73,51,gxxgShlzUsEKx3ir7hnXxVDtp+g=,ghBv/R0rWIM4Ep6Wr22YghMiHZc=
-72,58,gxxgShlzUsEKx3ir7hnXxVDtp+g=,s7VKwDlTu5tfz4L7t7bWXf7tvXg=
-72,59,gxxgShlzUsEKx3ir7hnXxVDtp+g=,s7VKwDlTu5tfz4L7t7bWXf7tvXg=
-73,57,BMsKmcJgAc5040XEm260oDBf9nc=,fr4TUr/suLvVfXsSzLYg4APxaiE=
-72,60,BMsKmcJgAc5040XEm260oDBf9nc=,s7VKwDlTu5tfz4L7t7bWXf7tvXg=
-73,58,BMsKmcJgAc5040XEm260oDBf9nc=,fr4TUr/suLvVfXsSzLYg4APxaiE=
-72,61,BMsKmcJgAc5040XEm260oDBf9nc=,s7VKwDlTu5tfz4L7t7bWXf7tvXg=
-72,55,BMsKmcJgAc5040XEm260oDBf9nc=,DKiZSxx7Po+DFdPdt0v3r8dYJbs=
-72,62,BMsKmcJgAc5040XEm260oDBf9nc=,s7VKwDlTu5tfz4L7t7bWXf7tvXg=
-73,59,BMsKmcJgAc5040XEm260oDBf9nc=,fr4TUr/suLvVfXsSzLYg4APxaiE=
-73,60,BMsKmcJgAc5040XEm260oDBf9nc=,fr4TUr/suLvVfXsSzLYg4APxaiE=
-73,61,BMsKmcJgAc5040XEm260oDBf9nc=,fr4TUr/suLvVfXsSzLYg4APxaiE=
-73,62,BMsKmcJgAc5040XEm260oDBf9nc=,fr4TUr/suLvVfXsSzLYg4APxaiE=
-72,56,BMsKmcJgAc5040XEm260oDBf9nc=,s7VKwDlTu5tfz4L7t7bWXf7tvXg=
-73,55,BMsKmcJgAc5040XEm260oDBf9nc=,ghBv/R0rWIM4Ep6Wr22YghMiHZc=
-72,57,BMsKmcJgAc5040XEm260oDBf9nc=,s7VKwDlTu5tfz4L7t7bWXf7tvXg=
-73,56,BMsKmcJgAc5040XEm260oDBf9nc=,fr4TUr/suLvVfXsSzLYg4APxaiE=
-72,48,BMsKmcJgAc5040XEm260oDBf9nc=,DKiZSxx7Po+DFdPdt0v3r8dYJbs=
-76,48,BMsKmcJgAc5040XEm260oDBf9nc=,ghBv/R0rWIM4Ep6Wr22YghMiHZc=
-78,48,BMsKmcJgAc5040XEm260oDBf9nc=,ghBv/R0rWIM4Ep6Wr22YghMiHZc=
-79,48,BMsKmcJgAc5040XEm260oDBf9nc=,ghBv/R0rWIM4Ep6Wr22YghMiHZc=
-77,48,BMsKmcJgAc5040XEm260oDBf9nc=,ghBv/R0rWIM4Ep6Wr22YghMiHZc=
-75,48,BMsKmcJgAc5040XEm260oDBf9nc=,ghBv/R0rWIM4Ep6Wr22YghMiHZc=
-74,48,BMsKmcJgAc5040XEm260oDBf9nc=,ghBv/R0rWIM4Ep6Wr22YghMiHZc=
-73,48,BMsKmcJgAc5040XEm260oDBf9nc=,ghBv/R0rWIM4Ep6Wr22YghMiHZc=
-79,63,BMsKmcJgAc5040XEm260oDBf9nc=,fr4TUr/suLvVfXsSzLYg4APxaiE=
-78,63,BMsKmcJgAc5040XEm260oDBf9nc=,fr4TUr/suLvVfXsSzLYg4APxaiE=
-77,63,BMsKmcJgAc5040XEm260oDBf9nc=,fr4TUr/suLvVfXsSzLYg4APxaiE=
-76,63,BMsKmcJgAc5040XEm260oDBf9nc=,fr4TUr/suLvVfXsSzLYg4APxaiE=
-75,63,BMsKmcJgAc5040XEm260oDBf9nc=,fr4TUr/suLvVfXsSzLYg4APxaiE=
-74,63,BMsKmcJgAc5040XEm260oDBf9nc=,fr4TUr/suLvVfXsSzLYg4APxaiE=
-72,63,BMsKmcJgAc5040XEm260oDBf9nc=,s7VKwDlTu5tfz4L7t7bWXf7tvXg=
-73,63,BMsKmcJgAc5040XEm260oDBf9nc=,fr4TUr/suLvVfXsSzLYg4APxaiE=
-80,52,BMsKmcJgAc5040XEm260oDBf9nc=,ghBv/R0rWIM4Ep6Wr22YghMiHZc=
-80,54,BMsKmcJgAc5040XEm260oDBf9nc=,ghBv/R0rWIM4Ep6Wr22YghMiHZc=
-80,53,BMsKmcJgAc5040XEm260oDBf9nc=,ghBv/R0rWIM4Ep6Wr22YghMiHZc=
-80,49,BMsKmcJgAc5040XEm260oDBf9nc=,ghBv/R0rWIM4Ep6Wr22YghMiHZc=
-80,51,BMsKmcJgAc5040XEm260oDBf9nc=,ghBv/R0rWIM4Ep6Wr22YghMiHZc=
-80,50,BMsKmcJgAc5040XEm260oDBf9nc=,ghBv/R0rWIM4Ep6Wr22YghMiHZc=
-80,57,BMsKmcJgAc5040XEm260oDBf9nc=,fr4TUr/suLvVfXsSzLYg4APxaiE=
-80,56,BMsKmcJgAc5040XEm260oDBf9nc=,fr4TUr/suLvVfXsSzLYg4APxaiE=
-80,58,BMsKmcJgAc5040XEm260oDBf9nc=,fr4TUr/suLvVfXsSzLYg4APxaiE=
-80,59,BMsKmcJgAc5040XEm260oDBf9nc=,fr4TUr/suLvVfXsSzLYg4APxaiE=
-80,55,BMsKmcJgAc5040XEm260oDBf9nc=,ghBv/R0rWIM4Ep6Wr22YghMiHZc=
-80,60,BMsKmcJgAc5040XEm260oDBf9nc=,fr4TUr/suLvVfXsSzLYg4APxaiE=
-80,61,BMsKmcJgAc5040XEm260oDBf9nc=,fr4TUr/suLvVfXsSzLYg4APxaiE=
-80,62,BMsKmcJgAc5040XEm260oDBf9nc=,fr4TUr/suLvVfXsSzLYg4APxaiE=
-80,63,BMsKmcJgAc5040XEm260oDBf9nc=,fr4TUr/suLvVfXsSzLYg4APxaiE=
-80,48,BMsKmcJgAc5040XEm260oDBf9nc=,ghBv/R0rWIM4Ep6Wr22YghMiHZc=
-69,63,BMsKmcJgAc5040XEm260oDBf9nc=,s7VKwDlTu5tfz4L7t7bWXf7tvXg=
-71,60,BMsKmcJgAc5040XEm260oDBf9nc=,s7VKwDlTu5tfz4L7t7bWXf7tvXg=
-69,60,BMsKmcJgAc5040XEm260oDBf9nc=,s7VKwDlTu5tfz4L7t7bWXf7tvXg=
-67,60,BMsKmcJgAc5040XEm260oDBf9nc=,s7VKwDlTu5tfz4L7t7bWXf7tvXg=
-69,61,BMsKmcJgAc5040XEm260oDBf9nc=,s7VKwDlTu5tfz4L7t7bWXf7tvXg=
-71,61,BMsKmcJgAc5040XEm260oDBf9nc=,s7VKwDlTu5tfz4L7t7bWXf7tvXg=
-70,60,BMsKmcJgAc5040XEm260oDBf9nc=,s7VKwDlTu5tfz4L7t7bWXf7tvXg=
-70,61,BMsKmcJgAc5040XEm260oDBf9nc=,s7VKwDlTu5tfz4L7t7bWXf7tvXg=
-73,54,BMsKmcJgAc5040XEm260oDBf9nc=,ghBv/R0rWIM4Ep6Wr22YghMiHZc=
-72,49,BMsKmcJgAc5040XEm260oDBf9nc=,DKiZSxx7Po+DFdPdt0v3r8dYJbs=
-68,60,BMsKmcJgAc5040XEm260oDBf9nc=,s7VKwDlTu5tfz4L7t7bWXf7tvXg=
-73,52,BMsKmcJgAc5040XEm260oDBf9nc=,ghBv/R0rWIM4Ep6Wr22YghMiHZc=
-73,53,BMsKmcJgAc5040XEm260oDBf9nc=,ghBv/R0rWIM4Ep6Wr22YghMiHZc=
-70,63,BMsKmcJgAc5040XEm260oDBf9nc=,s7VKwDlTu5tfz4L7t7bWXf7tvXg=
-66,60,BMsKmcJgAc5040XEm260oDBf9nc=,s7VKwDlTu5tfz4L7t7bWXf7tvXg=
-72,50,BMsKmcJgAc5040XEm260oDBf9nc=,DKiZSxx7Po+DFdPdt0v3r8dYJbs=
-72,51,BMsKmcJgAc5040XEm260oDBf9nc=,DKiZSxx7Po+DFdPdt0v3r8dYJbs=
-73,50,BMsKmcJgAc5040XEm260oDBf9nc=,ghBv/R0rWIM4Ep6Wr22YghMiHZc=
-72,52,BMsKmcJgAc5040XEm260oDBf9nc=,DKiZSxx7Po+DFdPdt0v3r8dYJbs=
-72,53,BMsKmcJgAc5040XEm260oDBf9nc=,DKiZSxx7Po+DFdPdt0v3r8dYJbs=
-71,62,BMsKmcJgAc5040XEm260oDBf9nc=,s7VKwDlTu5tfz4L7t7bWXf7tvXg=
-71,63,BMsKmcJgAc5040XEm260oDBf9nc=,s7VKwDlTu5tfz4L7t7bWXf7tvXg=
-65,63,BMsKmcJgAc5040XEm260oDBf9nc=,s7VKwDlTu5tfz4L7t7bWXf7tvXg=
-69,62,BMsKmcJgAc5040XEm260oDBf9nc=,s7VKwDlTu5tfz4L7t7bWXf7tvXg=
-70,62,BMsKmcJgAc5040XEm260oDBf9nc=,s7VKwDlTu5tfz4L7t7bWXf7tvXg=
-65,52,BMsKmcJgAc5040XEm260oDBf9nc=,DKiZSxx7Po+DFdPdt0v3r8dYJbs=
-68,61,BMsKmcJgAc5040XEm260oDBf9nc=,s7VKwDlTu5tfz4L7t7bWXf7tvXg=
-67,61,BMsKmcJgAc5040XEm260oDBf9nc=,s7VKwDlTu5tfz4L7t7bWXf7tvXg=
-73,49,BMsKmcJgAc5040XEm260oDBf9nc=,ghBv/R0rWIM4Ep6Wr22YghMiHZc=
-66,61,BMsKmcJgAc5040XEm260oDBf9nc=,s7VKwDlTu5tfz4L7t7bWXf7tvXg=
-72,54,BMsKmcJgAc5040XEm260oDBf9nc=,DKiZSxx7Po+DFdPdt0v3r8dYJbs=
-68,62,BMsKmcJgAc5040XEm260oDBf9nc=,s7VKwDlTu5tfz4L7t7bWXf7tvXg=
-67,62,BMsKmcJgAc5040XEm260oDBf9nc=,s7VKwDlTu5tfz4L7t7bWXf7tvXg=
-66,62,BMsKmcJgAc5040XEm260oDBf9nc=,s7VKwDlTu5tfz4L7t7bWXf7tvXg=
-68,63,BMsKmcJgAc5040XEm260oDBf9nc=,s7VKwDlTu5tfz4L7t7bWXf7tvXg=
-66,52,BMsKmcJgAc5040XEm260oDBf9nc=,DKiZSxx7Po+DFdPdt0v3r8dYJbs=
-71,54,BMsKmcJgAc5040XEm260oDBf9nc=,DKiZSxx7Po+DFdPdt0v3r8dYJbs=
-65,60,BMsKmcJgAc5040XEm260oDBf9nc=,s7VKwDlTu5tfz4L7t7bWXf7tvXg=
-66,53,BMsKmcJgAc5040XEm260oDBf9nc=,DKiZSxx7Po+DFdPdt0v3r8dYJbs=
-65,62,BMsKmcJgAc5040XEm260oDBf9nc=,s7VKwDlTu5tfz4L7t7bWXf7tvXg=
-67,53,BMsKmcJgAc5040XEm260oDBf9nc=,DKiZSxx7Po+DFdPdt0v3r8dYJbs=
-65,53,BMsKmcJgAc5040XEm260oDBf9nc=,DKiZSxx7Po+DFdPdt0v3r8dYJbs=
-66,63,BMsKmcJgAc5040XEm260oDBf9nc=,s7VKwDlTu5tfz4L7t7bWXf7tvXg=
-68,53,BMsKmcJgAc5040XEm260oDBf9nc=,DKiZSxx7Po+DFdPdt0v3r8dYJbs=
-67,63,BMsKmcJgAc5040XEm260oDBf9nc=,s7VKwDlTu5tfz4L7t7bWXf7tvXg=
-67,52,BMsKmcJgAc5040XEm260oDBf9nc=,DKiZSxx7Po+DFdPdt0v3r8dYJbs=
-69,53,BMsKmcJgAc5040XEm260oDBf9nc=,DKiZSxx7Po+DFdPdt0v3r8dYJbs=
-65,61,BMsKmcJgAc5040XEm260oDBf9nc=,s7VKwDlTu5tfz4L7t7bWXf7tvXg=
-70,53,BMsKmcJgAc5040XEm260oDBf9nc=,DKiZSxx7Po+DFdPdt0v3r8dYJbs=
-70,48,BMsKmcJgAc5040XEm260oDBf9nc=,DKiZSxx7Po+DFdPdt0v3r8dYJbs=
-71,48,BMsKmcJgAc5040XEm260oDBf9nc=,DKiZSxx7Po+DFdPdt0v3r8dYJbs=
-68,48,BMsKmcJgAc5040XEm260oDBf9nc=,DKiZSxx7Po+DFdPdt0v3r8dYJbs=
-69,48,BMsKmcJgAc5040XEm260oDBf9nc=,DKiZSxx7Po+DFdPdt0v3r8dYJbs=
-71,53,BMsKmcJgAc5040XEm260oDBf9nc=,DKiZSxx7Po+DFdPdt0v3r8dYJbs=
-68,54,BMsKmcJgAc5040XEm260oDBf9nc=,DKiZSxx7Po+DFdPdt0v3r8dYJbs=
-67,48,BMsKmcJgAc5040XEm260oDBf9nc=,DKiZSxx7Po+DFdPdt0v3r8dYJbs=
-67,54,BMsKmcJgAc5040XEm260oDBf9nc=,DKiZSxx7Po+DFdPdt0v3r8dYJbs=
-66,48,BMsKmcJgAc5040XEm260oDBf9nc=,DKiZSxx7Po+DFdPdt0v3r8dYJbs=
-66,54,BMsKmcJgAc5040XEm260oDBf9nc=,DKiZSxx7Po+DFdPdt0v3r8dYJbs=
-65,54,BMsKmcJgAc5040XEm260oDBf9nc=,DKiZSxx7Po+DFdPdt0v3r8dYJbs=
-68,52,BMsKmcJgAc5040XEm260oDBf9nc=,DKiZSxx7Po+DFdPdt0v3r8dYJbs=
-67,59,BMsKmcJgAc5040XEm260oDBf9nc=,s7VKwDlTu5tfz4L7t7bWXf7tvXg=
-68,58,BMsKmcJgAc5040XEm260oDBf9nc=,s7VKwDlTu5tfz4L7t7bWXf7tvXg=
-67,57,BMsKmcJgAc5040XEm260oDBf9nc=,s7VKwDlTu5tfz4L7t7bWXf7tvXg=
-68,59,BMsKmcJgAc5040XEm260oDBf9nc=,s7VKwDlTu5tfz4L7t7bWXf7tvXg=
-67,58,BMsKmcJgAc5040XEm260oDBf9nc=,s7VKwDlTu5tfz4L7t7bWXf7tvXg=
-69,58,BMsKmcJgAc5040XEm260oDBf9nc=,s7VKwDlTu5tfz4L7t7bWXf7tvXg=
-66,59,BMsKmcJgAc5040XEm260oDBf9nc=,s7VKwDlTu5tfz4L7t7bWXf7tvXg=
-70,58,BMsKmcJgAc5040XEm260oDBf9nc=,s7VKwDlTu5tfz4L7t7bWXf7tvXg=
-66,58,BMsKmcJgAc5040XEm260oDBf9nc=,s7VKwDlTu5tfz4L7t7bWXf7tvXg=
-68,57,BMsKmcJgAc5040XEm260oDBf9nc=,s7VKwDlTu5tfz4L7t7bWXf7tvXg=
-69,59,BMsKmcJgAc5040XEm260oDBf9nc=,s7VKwDlTu5tfz4L7t7bWXf7tvXg=
-71,59,BMsKmcJgAc5040XEm260oDBf9nc=,s7VKwDlTu5tfz4L7t7bWXf7tvXg=
-70,59,BMsKmcJgAc5040XEm260oDBf9nc=,s7VKwDlTu5tfz4L7t7bWXf7tvXg=
-66,57,BMsKmcJgAc5040XEm260oDBf9nc=,s7VKwDlTu5tfz4L7t7bWXf7tvXg=
-68,55,BMsKmcJgAc5040XEm260oDBf9nc=,DKiZSxx7Po+DFdPdt0v3r8dYJbs=
-71,55,BMsKmcJgAc5040XEm260oDBf9nc=,DKiZSxx7Po+DFdPdt0v3r8dYJbs=
-71,58,BMsKmcJgAc5040XEm260oDBf9nc=,s7VKwDlTu5tfz4L7t7bWXf7tvXg=
-70,55,BMsKmcJgAc5040XEm260oDBf9nc=,DKiZSxx7Po+DFdPdt0v3r8dYJbs=
-67,55,BMsKmcJgAc5040XEm260oDBf9nc=,DKiZSxx7Po+DFdPdt0v3r8dYJbs=
-69,56,BMsKmcJgAc5040XEm260oDBf9nc=,s7VKwDlTu5tfz4L7t7bWXf7tvXg=
-68,56,BMsKmcJgAc5040XEm260oDBf9nc=,s7VKwDlTu5tfz4L7t7bWXf7tvXg=
-70,56,BMsKmcJgAc5040XEm260oDBf9nc=,s7VKwDlTu5tfz4L7t7bWXf7tvXg=
-65,48,BMsKmcJgAc5040XEm260oDBf9nc=,DKiZSxx7Po+DFdPdt0v3r8dYJbs=
-71,49,BMsKmcJgAc5040XEm260oDBf9nc=,DKiZSxx7Po+DFdPdt0v3r8dYJbs=
-71,56,BMsKmcJgAc5040XEm260oDBf9nc=,s7VKwDlTu5tfz4L7t7bWXf7tvXg=
-69,55,BMsKmcJgAc5040XEm260oDBf9nc=,DKiZSxx7Po+DFdPdt0v3r8dYJbs=
-70,54,BMsKmcJgAc5040XEm260oDBf9nc=,DKiZSxx7Po+DFdPdt0v3r8dYJbs=
-71,57,BMsKmcJgAc5040XEm260oDBf9nc=,s7VKwDlTu5tfz4L7t7bWXf7tvXg=
-66,56,BMsKmcJgAc5040XEm260oDBf9nc=,s7VKwDlTu5tfz4L7t7bWXf7tvXg=
-65,58,BMsKmcJgAc5040XEm260oDBf9nc=,s7VKwDlTu5tfz4L7t7bWXf7tvXg=
-65,57,BMsKmcJgAc5040XEm260oDBf9nc=,s7VKwDlTu5tfz4L7t7bWXf7tvXg=
-70,49,BMsKmcJgAc5040XEm260oDBf9nc=,DKiZSxx7Po+DFdPdt0v3r8dYJbs=
-69,52,BMsKmcJgAc5040XEm260oDBf9nc=,DKiZSxx7Po+DFdPdt0v3r8dYJbs=
-70,57,BMsKmcJgAc5040XEm260oDBf9nc=,s7VKwDlTu5tfz4L7t7bWXf7tvXg=
-68,49,BMsKmcJgAc5040XEm260oDBf9nc=,DKiZSxx7Po+DFdPdt0v3r8dYJbs=
-69,57,BMsKmcJgAc5040XEm260oDBf9nc=,s7VKwDlTu5tfz4L7t7bWXf7tvXg=
-69,49,BMsKmcJgAc5040XEm260oDBf9nc=,DKiZSxx7Po+DFdPdt0v3r8dYJbs=
-65,49,BMsKmcJgAc5040XEm260oDBf9nc=,DKiZSxx7Po+DFdPdt0v3r8dYJbs=
-66,55,BMsKmcJgAc5040XEm260oDBf9nc=,DKiZSxx7Po+DFdPdt0v3r8dYJbs=
-65,56,BMsKmcJgAc5040XEm260oDBf9nc=,s7VKwDlTu5tfz4L7t7bWXf7tvXg=
-68,50,BMsKmcJgAc5040XEm260oDBf9nc=,DKiZSxx7Po+DFdPdt0v3r8dYJbs=
-65,55,BMsKmcJgAc5040XEm260oDBf9nc=,DKiZSxx7Po+DFdPdt0v3r8dYJbs=
-67,56,BMsKmcJgAc5040XEm260oDBf9nc=,s7VKwDlTu5tfz4L7t7bWXf7tvXg=
-65,50,BMsKmcJgAc5040XEm260oDBf9nc=,DKiZSxx7Po+DFdPdt0v3r8dYJbs=
-70,50,BMsKmcJgAc5040XEm260oDBf9nc=,DKiZSxx7Po+DFdPdt0v3r8dYJbs=
-71,50,BMsKmcJgAc5040XEm260oDBf9nc=,DKiZSxx7Po+DFdPdt0v3r8dYJbs=
-69,51,BMsKmcJgAc5040XEm260oDBf9nc=,DKiZSxx7Po+DFdPdt0v3r8dYJbs=
-70,51,BMsKmcJgAc5040XEm260oDBf9nc=,DKiZSxx7Po+DFdPdt0v3r8dYJbs=
-69,50,BMsKmcJgAc5040XEm260oDBf9nc=,DKiZSxx7Po+DFdPdt0v3r8dYJbs=
-67,51,BMsKmcJgAc5040XEm260oDBf9nc=,DKiZSxx7Po+DFdPdt0v3r8dYJbs=
-66,51,BMsKmcJgAc5040XEm260oDBf9nc=,DKiZSxx7Po+DFdPdt0v3r8dYJbs=
-69,54,BMsKmcJgAc5040XEm260oDBf9nc=,DKiZSxx7Po+DFdPdt0v3r8dYJbs=
-67,50,BMsKmcJgAc5040XEm260oDBf9nc=,DKiZSxx7Po+DFdPdt0v3r8dYJbs=
-66,49,BMsKmcJgAc5040XEm260oDBf9nc=,DKiZSxx7Po+DFdPdt0v3r8dYJbs=
-71,51,BMsKmcJgAc5040XEm260oDBf9nc=,DKiZSxx7Po+DFdPdt0v3r8dYJbs=
-68,51,BMsKmcJgAc5040XEm260oDBf9nc=,DKiZSxx7Po+DFdPdt0v3r8dYJbs=
-65,59,BMsKmcJgAc5040XEm260oDBf9nc=,s7VKwDlTu5tfz4L7t7bWXf7tvXg=
-70,52,BMsKmcJgAc5040XEm260oDBf9nc=,DKiZSxx7Po+DFdPdt0v3r8dYJbs=
-67,49,BMsKmcJgAc5040XEm260oDBf9nc=,DKiZSxx7Po+DFdPdt0v3r8dYJbs=
-66,50,BMsKmcJgAc5040XEm260oDBf9nc=,DKiZSxx7Po+DFdPdt0v3r8dYJbs=
-71,52,BMsKmcJgAc5040XEm260oDBf9nc=,DKiZSxx7Po+DFdPdt0v3r8dYJbs=
-65,51,BMsKmcJgAc5040XEm260oDBf9nc=,DKiZSxx7Po+DFdPdt0v3r8dYJbs=
-76,36,BMsKmcJgAc5040XEm260oDBf9nc=,0NFm/sLkOxhVZYweRYiTT5GXuVY=
-74,37,BMsKmcJgAc5040XEm260oDBf9nc=,0NFm/sLkOxhVZYweRYiTT5GXuVY=
-74,33,BMsKmcJgAc5040XEm260oDBf9nc=,0NFm/sLkOxhVZYweRYiTT5GXuVY=
-79,38,BMsKmcJgAc5040XEm260oDBf9nc=,0NFm/sLkOxhVZYweRYiTT5GXuVY=
-75,36,BMsKmcJgAc5040XEm260oDBf9nc=,0NFm/sLkOxhVZYweRYiTT5GXuVY=
-78,38,BMsKmcJgAc5040XEm260oDBf9nc=,0NFm/sLkOxhVZYweRYiTT5GXuVY=
-79,34,BMsKmcJgAc5040XEm260oDBf9nc=,0NFm/sLkOxhVZYweRYiTT5GXuVY=
-77,38,BMsKmcJgAc5040XEm260oDBf9nc=,0NFm/sLkOxhVZYweRYiTT5GXuVY=
-76,38,BMsKmcJgAc5040XEm260oDBf9nc=,0NFm/sLkOxhVZYweRYiTT5GXuVY=
-78,35,BMsKmcJgAc5040XEm260oDBf9nc=,0NFm/sLkOxhVZYweRYiTT5GXuVY=
-78,34,BMsKmcJgAc5040XEm260oDBf9nc=,0NFm/sLkOxhVZYweRYiTT5GXuVY=
-77,34,BMsKmcJgAc5040XEm260oDBf9nc=,0NFm/sLkOxhVZYweRYiTT5GXuVY=
-74,36,BMsKmcJgAc5040XEm260oDBf9nc=,0NFm/sLkOxhVZYweRYiTT5GXuVY=
-76,34,BMsKmcJgAc5040XEm260oDBf9nc=,0NFm/sLkOxhVZYweRYiTT5GXuVY=
-79,37,BMsKmcJgAc5040XEm260oDBf9nc=,0NFm/sLkOxhVZYweRYiTT5GXuVY=
-79,40,BMsKmcJgAc5040XEm260oDBf9nc=,HuDTv8RB8juMjGBK1eNi7eqd/4E=
-78,40,BMsKmcJgAc5040XEm260oDBf9nc=,HuDTv8RB8juMjGBK1eNi7eqd/4E=
-77,40,BMsKmcJgAc5040XEm260oDBf9nc=,HuDTv8RB8juMjGBK1eNi7eqd/4E=
-79,41,BMsKmcJgAc5040XEm260oDBf9nc=,HuDTv8RB8juMjGBK1eNi7eqd/4E=
-78,41,BMsKmcJgAc5040XEm260oDBf9nc=,HuDTv8RB8juMjGBK1eNi7eqd/4E=
-77,41,BMsKmcJgAc5040XEm260oDBf9nc=,HuDTv8RB8juMjGBK1eNi7eqd/4E=
-76,41,BMsKmcJgAc5040XEm260oDBf9nc=,HuDTv8RB8juMjGBK1eNi7eqd/4E=
-75,41,BMsKmcJgAc5040XEm260oDBf9nc=,HuDTv8RB8juMjGBK1eNi7eqd/4E=
-76,40,BMsKmcJgAc5040XEm260oDBf9nc=,HuDTv8RB8juMjGBK1eNi7eqd/4E=
-74,41,BMsKmcJgAc5040XEm260oDBf9nc=,HuDTv8RB8juMjGBK1eNi7eqd/4E=
-79,42,BMsKmcJgAc5040XEm260oDBf9nc=,HuDTv8RB8juMjGBK1eNi7eqd/4E=
-78,42,BMsKmcJgAc5040XEm260oDBf9nc=,HuDTv8RB8juMjGBK1eNi7eqd/4E=
-77,42,BMsKmcJgAc5040XEm260oDBf9nc=,HuDTv8RB8juMjGBK1eNi7eqd/4E=
-76,42,BMsKmcJgAc5040XEm260oDBf9nc=,HuDTv8RB8juMjGBK1eNi7eqd/4E=
-75,42,BMsKmcJgAc5040XEm260oDBf9nc=,HuDTv8RB8juMjGBK1eNi7eqd/4E=
-74,42,BMsKmcJgAc5040XEm260oDBf9nc=,HuDTv8RB8juMjGBK1eNi7eqd/4E=
-75,40,BMsKmcJgAc5040XEm260oDBf9nc=,HuDTv8RB8juMjGBK1eNi7eqd/4E=
-79,43,BMsKmcJgAc5040XEm260oDBf9nc=,HuDTv8RB8juMjGBK1eNi7eqd/4E=
-78,43,BMsKmcJgAc5040XEm260oDBf9nc=,HuDTv8RB8juMjGBK1eNi7eqd/4E=
-77,43,BMsKmcJgAc5040XEm260oDBf9nc=,HuDTv8RB8juMjGBK1eNi7eqd/4E=
-76,43,BMsKmcJgAc5040XEm260oDBf9nc=,HuDTv8RB8juMjGBK1eNi7eqd/4E=
-75,43,BMsKmcJgAc5040XEm260oDBf9nc=,HuDTv8RB8juMjGBK1eNi7eqd/4E=
-74,43,BMsKmcJgAc5040XEm260oDBf9nc=,HuDTv8RB8juMjGBK1eNi7eqd/4E=
-79,44,BMsKmcJgAc5040XEm260oDBf9nc=,HuDTv8RB8juMjGBK1eNi7eqd/4E=
-78,44,BMsKmcJgAc5040XEm260oDBf9nc=,HuDTv8RB8juMjGBK1eNi7eqd/4E=
-77,44,BMsKmcJgAc5040XEm260oDBf9nc=,HuDTv8RB8juMjGBK1eNi7eqd/4E=
-76,44,BMsKmcJgAc5040XEm260oDBf9nc=,HuDTv8RB8juMjGBK1eNi7eqd/4E=
-75,44,BMsKmcJgAc5040XEm260oDBf9nc=,HuDTv8RB8juMjGBK1eNi7eqd/4E=
-74,44,BMsKmcJgAc5040XEm260oDBf9nc=,HuDTv8RB8juMjGBK1eNi7eqd/4E=
-79,45,BMsKmcJgAc5040XEm260oDBf9nc=,HuDTv8RB8juMjGBK1eNi7eqd/4E=
-78,45,BMsKmcJgAc5040XEm260oDBf9nc=,HuDTv8RB8juMjGBK1eNi7eqd/4E=
-77,45,BMsKmcJgAc5040XEm260oDBf9nc=,HuDTv8RB8juMjGBK1eNi7eqd/4E=
-76,45,BMsKmcJgAc5040XEm260oDBf9nc=,HuDTv8RB8juMjGBK1eNi7eqd/4E=
-75,45,BMsKmcJgAc5040XEm260oDBf9nc=,HuDTv8RB8juMjGBK1eNi7eqd/4E=
-74,45,BMsKmcJgAc5040XEm260oDBf9nc=,HuDTv8RB8juMjGBK1eNi7eqd/4E=
-79,46,BMsKmcJgAc5040XEm260oDBf9nc=,HuDTv8RB8juMjGBK1eNi7eqd/4E=
-79,39,BMsKmcJgAc5040XEm260oDBf9nc=,0NFm/sLkOxhVZYweRYiTT5GXuVY=
-78,39,BMsKmcJgAc5040XEm260oDBf9nc=,0NFm/sLkOxhVZYweRYiTT5GXuVY=
-78,46,BMsKmcJgAc5040XEm260oDBf9nc=,HuDTv8RB8juMjGBK1eNi7eqd/4E=
-77,39,BMsKmcJgAc5040XEm260oDBf9nc=,0NFm/sLkOxhVZYweRYiTT5GXuVY=
-77,46,BMsKmcJgAc5040XEm260oDBf9nc=,HuDTv8RB8juMjGBK1eNi7eqd/4E=
-74,40,BMsKmcJgAc5040XEm260oDBf9nc=,HuDTv8RB8juMjGBK1eNi7eqd/4E=
-76,46,BMsKmcJgAc5040XEm260oDBf9nc=,HuDTv8RB8juMjGBK1eNi7eqd/4E=
-75,46,BMsKmcJgAc5040XEm260oDBf9nc=,HuDTv8RB8juMjGBK1eNi7eqd/4E=
-74,46,BMsKmcJgAc5040XEm260oDBf9nc=,HuDTv8RB8juMjGBK1eNi7eqd/4E=
-76,39,BMsKmcJgAc5040XEm260oDBf9nc=,0NFm/sLkOxhVZYweRYiTT5GXuVY=
-75,39,BMsKmcJgAc5040XEm260oDBf9nc=,0NFm/sLkOxhVZYweRYiTT5GXuVY=
-74,39,BMsKmcJgAc5040XEm260oDBf9nc=,0NFm/sLkOxhVZYweRYiTT5GXuVY=
-79,33,BMsKmcJgAc5040XEm260oDBf9nc=,0NFm/sLkOxhVZYweRYiTT5GXuVY=
-78,33,BMsKmcJgAc5040XEm260oDBf9nc=,0NFm/sLkOxhVZYweRYiTT5GXuVY=
-75,34,BMsKmcJgAc5040XEm260oDBf9nc=,0NFm/sLkOxhVZYweRYiTT5GXuVY=
-78,37,BMsKmcJgAc5040XEm260oDBf9nc=,0NFm/sLkOxhVZYweRYiTT5GXuVY=
-77,33,BMsKmcJgAc5040XEm260oDBf9nc=,0NFm/sLkOxhVZYweRYiTT5GXuVY=
-76,33,BMsKmcJgAc5040XEm260oDBf9nc=,0NFm/sLkOxhVZYweRYiTT5GXuVY=
-77,35,BMsKmcJgAc5040XEm260oDBf9nc=,0NFm/sLkOxhVZYweRYiTT5GXuVY=
-76,35,BMsKmcJgAc5040XEm260oDBf9nc=,0NFm/sLkOxhVZYweRYiTT5GXuVY=
-75,35,BMsKmcJgAc5040XEm260oDBf9nc=,0NFm/sLkOxhVZYweRYiTT5GXuVY=
-74,35,BMsKmcJgAc5040XEm260oDBf9nc=,0NFm/sLkOxhVZYweRYiTT5GXuVY=
-74,34,BMsKmcJgAc5040XEm260oDBf9nc=,0NFm/sLkOxhVZYweRYiTT5GXuVY=
-75,33,BMsKmcJgAc5040XEm260oDBf9nc=,0NFm/sLkOxhVZYweRYiTT5GXuVY=
-79,36,BMsKmcJgAc5040XEm260oDBf9nc=,0NFm/sLkOxhVZYweRYiTT5GXuVY=
-78,36,BMsKmcJgAc5040XEm260oDBf9nc=,0NFm/sLkOxhVZYweRYiTT5GXuVY=
-77,36,BMsKmcJgAc5040XEm260oDBf9nc=,0NFm/sLkOxhVZYweRYiTT5GXuVY=
-75,38,BMsKmcJgAc5040XEm260oDBf9nc=,0NFm/sLkOxhVZYweRYiTT5GXuVY=
-74,38,BMsKmcJgAc5040XEm260oDBf9nc=,0NFm/sLkOxhVZYweRYiTT5GXuVY=
-77,37,BMsKmcJgAc5040XEm260oDBf9nc=,0NFm/sLkOxhVZYweRYiTT5GXuVY=
-79,35,BMsKmcJgAc5040XEm260oDBf9nc=,0NFm/sLkOxhVZYweRYiTT5GXuVY=
-76,37,BMsKmcJgAc5040XEm260oDBf9nc=,0NFm/sLkOxhVZYweRYiTT5GXuVY=
-75,37,BMsKmcJgAc5040XEm260oDBf9nc=,0NFm/sLkOxhVZYweRYiTT5GXuVY=
-72,42,BMsKmcJgAc5040XEm260oDBf9nc=,UfiVVAvkxCbX94d/NGlaPPfwPnU=
-73,41,BMsKmcJgAc5040XEm260oDBf9nc=,HuDTv8RB8juMjGBK1eNi7eqd/4E=
-73,42,BMsKmcJgAc5040XEm260oDBf9nc=,HuDTv8RB8juMjGBK1eNi7eqd/4E=
-72,43,BMsKmcJgAc5040XEm260oDBf9nc=,UfiVVAvkxCbX94d/NGlaPPfwPnU=
-73,43,BMsKmcJgAc5040XEm260oDBf9nc=,HuDTv8RB8juMjGBK1eNi7eqd/4E=
-73,44,BMsKmcJgAc5040XEm260oDBf9nc=,HuDTv8RB8juMjGBK1eNi7eqd/4E=
-72,44,BMsKmcJgAc5040XEm260oDBf9nc=,UfiVVAvkxCbX94d/NGlaPPfwPnU=
-73,45,BMsKmcJgAc5040XEm260oDBf9nc=,HuDTv8RB8juMjGBK1eNi7eqd/4E=
-72,45,BMsKmcJgAc5040XEm260oDBf9nc=,UfiVVAvkxCbX94d/NGlaPPfwPnU=
-73,46,BMsKmcJgAc5040XEm260oDBf9nc=,HuDTv8RB8juMjGBK1eNi7eqd/4E=
-72,46,BMsKmcJgAc5040XEm260oDBf9nc=,UfiVVAvkxCbX94d/NGlaPPfwPnU=
-72,41,BMsKmcJgAc5040XEm260oDBf9nc=,UfiVVAvkxCbX94d/NGlaPPfwPnU=
-72,33,BMsKmcJgAc5040XEm260oDBf9nc=,yVcW44Jq6fpMiTspijgXtzJb5yc=
-73,37,BMsKmcJgAc5040XEm260oDBf9nc=,0NFm/sLkOxhVZYweRYiTT5GXuVY=
-72,34,BMsKmcJgAc5040XEm260oDBf9nc=,yVcW44Jq6fpMiTspijgXtzJb5yc=
-72,39,BMsKmcJgAc5040XEm260oDBf9nc=,yVcW44Jq6fpMiTspijgXtzJb5yc=
-72,35,BMsKmcJgAc5040XEm260oDBf9nc=,yVcW44Jq6fpMiTspijgXtzJb5yc=
-72,36,BMsKmcJgAc5040XEm260oDBf9nc=,yVcW44Jq6fpMiTspijgXtzJb5yc=
-73,36,BMsKmcJgAc5040XEm260oDBf9nc=,0NFm/sLkOxhVZYweRYiTT5GXuVY=
-72,40,BMsKmcJgAc5040XEm260oDBf9nc=,UfiVVAvkxCbX94d/NGlaPPfwPnU=
-72,37,dp8HzaPE4vHepQdm3PDkL+KQqkc=,yVcW44Jq6fpMiTspijgXtzJb5yc=
-73,35,dp8HzaPE4vHepQdm3PDkL+KQqkc=,0NFm/sLkOxhVZYweRYiTT5GXuVY=
-80,41,dp8HzaPE4vHepQdm3PDkL+KQqkc=,HuDTv8RB8juMjGBK1eNi7eqd/4E=
-80,42,dp8HzaPE4vHepQdm3PDkL+KQqkc=,HuDTv8RB8juMjGBK1eNi7eqd/4E=
-80,43,dp8HzaPE4vHepQdm3PDkL+KQqkc=,HuDTv8RB8juMjGBK1eNi7eqd/4E=
-80,44,dp8HzaPE4vHepQdm3PDkL+KQqkc=,HuDTv8RB8juMjGBK1eNi7eqd/4E=
-80,45,dp8HzaPE4vHepQdm3PDkL+KQqkc=,HuDTv8RB8juMjGBK1eNi7eqd/4E=
-80,46,dp8HzaPE4vHepQdm3PDkL+KQqkc=,HuDTv8RB8juMjGBK1eNi7eqd/4E=
-80,40,dp8HzaPE4vHepQdm3PDkL+KQqkc=,HuDTv8RB8juMjGBK1eNi7eqd/4E=
-80,38,dp8HzaPE4vHepQdm3PDkL+KQqkc=,0NFm/sLkOxhVZYweRYiTT5GXuVY=
-80,34,dp8HzaPE4vHepQdm3PDkL+KQqkc=,0NFm/sLkOxhVZYweRYiTT5GXuVY=
-80,39,dp8HzaPE4vHepQdm3PDkL+KQqkc=,0NFm/sLkOxhVZYweRYiTT5GXuVY=
-80,33,dp8HzaPE4vHepQdm3PDkL+KQqkc=,0NFm/sLkOxhVZYweRYiTT5GXuVY=
-80,37,dp8HzaPE4vHepQdm3PDkL+KQqkc=,0NFm/sLkOxhVZYweRYiTT5GXuVY=
-80,35,dp8HzaPE4vHepQdm3PDkL+KQqkc=,0NFm/sLkOxhVZYweRYiTT5GXuVY=
-80,36,dp8HzaPE4vHepQdm3PDkL+KQqkc=,0NFm/sLkOxhVZYweRYiTT5GXuVY=
-80,47,dp8HzaPE4vHepQdm3PDkL+KQqkc=,HuDTv8RB8juMjGBK1eNi7eqd/4E=
-79,47,dp8HzaPE4vHepQdm3PDkL+KQqkc=,HuDTv8RB8juMjGBK1eNi7eqd/4E=
-78,47,dp8HzaPE4vHepQdm3PDkL+KQqkc=,HuDTv8RB8juMjGBK1eNi7eqd/4E=
-77,47,dp8HzaPE4vHepQdm3PDkL+KQqkc=,HuDTv8RB8juMjGBK1eNi7eqd/4E=
-76,47,dp8HzaPE4vHepQdm3PDkL+KQqkc=,HuDTv8RB8juMjGBK1eNi7eqd/4E=
-75,47,dp8HzaPE4vHepQdm3PDkL+KQqkc=,HuDTv8RB8juMjGBK1eNi7eqd/4E=
-74,47,dp8HzaPE4vHepQdm3PDkL+KQqkc=,HuDTv8RB8juMjGBK1eNi7eqd/4E=
-73,47,dp8HzaPE4vHepQdm3PDkL+KQqkc=,HuDTv8RB8juMjGBK1eNi7eqd/4E=
-68,38,dp8HzaPE4vHepQdm3PDkL+KQqkc=,yVcW44Jq6fpMiTspijgXtzJb5yc=
-69,37,dp8HzaPE4vHepQdm3PDkL+KQqkc=,yVcW44Jq6fpMiTspijgXtzJb5yc=
-67,40,dp8HzaPE4vHepQdm3PDkL+KQqkc=,UfiVVAvkxCbX94d/NGlaPPfwPnU=
-70,41,dp8HzaPE4vHepQdm3PDkL+KQqkc=,UfiVVAvkxCbX94d/NGlaPPfwPnU=
-69,41,dp8HzaPE4vHepQdm3PDkL+KQqkc=,UfiVVAvkxCbX94d/NGlaPPfwPnU=
-67,38,dp8HzaPE4vHepQdm3PDkL+KQqkc=,yVcW44Jq6fpMiTspijgXtzJb5yc=
-71,41,dp8HzaPE4vHepQdm3PDkL+KQqkc=,UfiVVAvkxCbX94d/NGlaPPfwPnU=
-72,47,dp8HzaPE4vHepQdm3PDkL+KQqkc=,UfiVVAvkxCbX94d/NGlaPPfwPnU=
-78,32,dp8HzaPE4vHepQdm3PDkL+KQqkc=,0NFm/sLkOxhVZYweRYiTT5GXuVY=
-72,32,dp8HzaPE4vHepQdm3PDkL+KQqkc=,yVcW44Jq6fpMiTspijgXtzJb5yc=
-77,32,dp8HzaPE4vHepQdm3PDkL+KQqkc=,0NFm/sLkOxhVZYweRYiTT5GXuVY=
-76,32,dp8HzaPE4vHepQdm3PDkL+KQqkc=,0NFm/sLkOxhVZYweRYiTT5GXuVY=
-75,32,dp8HzaPE4vHepQdm3PDkL+KQqkc=,0NFm/sLkOxhVZYweRYiTT5GXuVY=
-80,32,dp8HzaPE4vHepQdm3PDkL+KQqkc=,0NFm/sLkOxhVZYweRYiTT5GXuVY=
-74,32,dp8HzaPE4vHepQdm3PDkL+KQqkc=,0NFm/sLkOxhVZYweRYiTT5GXuVY=
-79,32,dp8HzaPE4vHepQdm3PDkL+KQqkc=,0NFm/sLkOxhVZYweRYiTT5GXuVY=
-73,32,dp8HzaPE4vHepQdm3PDkL+KQqkc=,0NFm/sLkOxhVZYweRYiTT5GXuVY=
-69,47,dp8HzaPE4vHepQdm3PDkL+KQqkc=,UfiVVAvkxCbX94d/NGlaPPfwPnU=
-69,32,dp8HzaPE4vHepQdm3PDkL+KQqkc=,yVcW44Jq6fpMiTspijgXtzJb5yc=
-65,32,dp8HzaPE4vHepQdm3PDkL+KQqkc=,yVcW44Jq6fpMiTspijgXtzJb5yc=
-70,32,dp8HzaPE4vHepQdm3PDkL+KQqkc=,yVcW44Jq6fpMiTspijgXtzJb5yc=
-70,37,dp8HzaPE4vHepQdm3PDkL+KQqkc=,yVcW44Jq6fpMiTspijgXtzJb5yc=
-71,32,dp8HzaPE4vHepQdm3PDkL+KQqkc=,yVcW44Jq6fpMiTspijgXtzJb5yc=
-69,35,dp8HzaPE4vHepQdm3PDkL+KQqkc=,yVcW44Jq6fpMiTspijgXtzJb5yc=
-66,32,dp8HzaPE4vHepQdm3PDkL+KQqkc=,yVcW44Jq6fpMiTspijgXtzJb5yc=
-70,35,dp8HzaPE4vHepQdm3PDkL+KQqkc=,yVcW44Jq6fpMiTspijgXtzJb5yc=
-71,35,dp8HzaPE4vHepQdm3PDkL+KQqkc=,yVcW44Jq6fpMiTspijgXtzJb5yc=
-69,34,dp8HzaPE4vHepQdm3PDkL+KQqkc=,yVcW44Jq6fpMiTspijgXtzJb5yc=
-70,34,dp8HzaPE4vHepQdm3PDkL+KQqkc=,yVcW44Jq6fpMiTspijgXtzJb5yc=
-67,32,dp8HzaPE4vHepQdm3PDkL+KQqkc=,yVcW44Jq6fpMiTspijgXtzJb5yc=
-71,34,dp8HzaPE4vHepQdm3PDkL+KQqkc=,yVcW44Jq6fpMiTspijgXtzJb5yc=
-69,33,dp8HzaPE4vHepQdm3PDkL+KQqkc=,yVcW44Jq6fpMiTspijgXtzJb5yc=
-70,33,dp8HzaPE4vHepQdm3PDkL+KQqkc=,yVcW44Jq6fpMiTspijgXtzJb5yc=
-68,32,dp8HzaPE4vHepQdm3PDkL+KQqkc=,yVcW44Jq6fpMiTspijgXtzJb5yc=
-71,33,dp8HzaPE4vHepQdm3PDkL+KQqkc=,yVcW44Jq6fpMiTspijgXtzJb5yc=
-65,35,dp8HzaPE4vHepQdm3PDkL+KQqkc=,yVcW44Jq6fpMiTspijgXtzJb5yc=
-68,40,dp8HzaPE4vHepQdm3PDkL+KQqkc=,UfiVVAvkxCbX94d/NGlaPPfwPnU=
-66,38,dp8HzaPE4vHepQdm3PDkL+KQqkc=,yVcW44Jq6fpMiTspijgXtzJb5yc=
-65,38,dp8HzaPE4vHepQdm3PDkL+KQqkc=,yVcW44Jq6fpMiTspijgXtzJb5yc=
-71,37,dp8HzaPE4vHepQdm3PDkL+KQqkc=,yVcW44Jq6fpMiTspijgXtzJb5yc=
-66,35,dp8HzaPE4vHepQdm3PDkL+KQqkc=,yVcW44Jq6fpMiTspijgXtzJb5yc=
-67,35,dp8HzaPE4vHepQdm3PDkL+KQqkc=,yVcW44Jq6fpMiTspijgXtzJb5yc=
-68,44,dp8HzaPE4vHepQdm3PDkL+KQqkc=,UfiVVAvkxCbX94d/NGlaPPfwPnU=
-67,44,dp8HzaPE4vHepQdm3PDkL+KQqkc=,UfiVVAvkxCbX94d/NGlaPPfwPnU=
-65,47,dp8HzaPE4vHepQdm3PDkL+KQqkc=,UfiVVAvkxCbX94d/NGlaPPfwPnU=
-68,35,dp8HzaPE4vHepQdm3PDkL+KQqkc=,yVcW44Jq6fpMiTspijgXtzJb5yc=
-66,47,dp8HzaPE4vHepQdm3PDkL+KQqkc=,UfiVVAvkxCbX94d/NGlaPPfwPnU=
-70,47,dp8HzaPE4vHepQdm3PDkL+KQqkc=,UfiVVAvkxCbX94d/NGlaPPfwPnU=
-65,34,dp8HzaPE4vHepQdm3PDkL+KQqkc=,yVcW44Jq6fpMiTspijgXtzJb5yc=
-66,44,dp8HzaPE4vHepQdm3PDkL+KQqkc=,UfiVVAvkxCbX94d/NGlaPPfwPnU=
-71,39,dp8HzaPE4vHepQdm3PDkL+KQqkc=,yVcW44Jq6fpMiTspijgXtzJb5yc=
-68,45,dp8HzaPE4vHepQdm3PDkL+KQqkc=,UfiVVAvkxCbX94d/NGlaPPfwPnU=
-66,34,dp8HzaPE4vHepQdm3PDkL+KQqkc=,yVcW44Jq6fpMiTspijgXtzJb5yc=
-67,34,dp8HzaPE4vHepQdm3PDkL+KQqkc=,yVcW44Jq6fpMiTspijgXtzJb5yc=
-69,40,dp8HzaPE4vHepQdm3PDkL+KQqkc=,UfiVVAvkxCbX94d/NGlaPPfwPnU=
-65,36,dp8HzaPE4vHepQdm3PDkL+KQqkc=,yVcW44Jq6fpMiTspijgXtzJb5yc=
-68,34,dp8HzaPE4vHepQdm3PDkL+KQqkc=,yVcW44Jq6fpMiTspijgXtzJb5yc=
-67,45,dp8HzaPE4vHepQdm3PDkL+KQqkc=,UfiVVAvkxCbX94d/NGlaPPfwPnU=
-65,44,dp8HzaPE4vHepQdm3PDkL+KQqkc=,UfiVVAvkxCbX94d/NGlaPPfwPnU=
-70,39,dp8HzaPE4vHepQdm3PDkL+KQqkc=,yVcW44Jq6fpMiTspijgXtzJb5yc=
-65,33,dp8HzaPE4vHepQdm3PDkL+KQqkc=,yVcW44Jq6fpMiTspijgXtzJb5yc=
-66,33,dp8HzaPE4vHepQdm3PDkL+KQqkc=,yVcW44Jq6fpMiTspijgXtzJb5yc=
-67,33,dp8HzaPE4vHepQdm3PDkL+KQqkc=,yVcW44Jq6fpMiTspijgXtzJb5yc=
-69,39,dp8HzaPE4vHepQdm3PDkL+KQqkc=,yVcW44Jq6fpMiTspijgXtzJb5yc=
-68,33,dp8HzaPE4vHepQdm3PDkL+KQqkc=,yVcW44Jq6fpMiTspijgXtzJb5yc=
-71,47,dp8HzaPE4vHepQdm3PDkL+KQqkc=,UfiVVAvkxCbX94d/NGlaPPfwPnU=
-68,39,dp8HzaPE4vHepQdm3PDkL+KQqkc=,yVcW44Jq6fpMiTspijgXtzJb5yc=
-67,47,dp8HzaPE4vHepQdm3PDkL+KQqkc=,UfiVVAvkxCbX94d/NGlaPPfwPnU=
-66,45,dp8HzaPE4vHepQdm3PDkL+KQqkc=,UfiVVAvkxCbX94d/NGlaPPfwPnU=
-67,39,dp8HzaPE4vHepQdm3PDkL+KQqkc=,yVcW44Jq6fpMiTspijgXtzJb5yc=
-66,39,dp8HzaPE4vHepQdm3PDkL+KQqkc=,yVcW44Jq6fpMiTspijgXtzJb5yc=
-71,36,dp8HzaPE4vHepQdm3PDkL+KQqkc=,yVcW44Jq6fpMiTspijgXtzJb5yc=
-66,36,dp8HzaPE4vHepQdm3PDkL+KQqkc=,yVcW44Jq6fpMiTspijgXtzJb5yc=
-70,40,dp8HzaPE4vHepQdm3PDkL+KQqkc=,UfiVVAvkxCbX94d/NGlaPPfwPnU=
-70,36,dp8HzaPE4vHepQdm3PDkL+KQqkc=,yVcW44Jq6fpMiTspijgXtzJb5yc=
-69,36,dp8HzaPE4vHepQdm3PDkL+KQqkc=,yVcW44Jq6fpMiTspijgXtzJb5yc=
-69,38,dp8HzaPE4vHepQdm3PDkL+KQqkc=,yVcW44Jq6fpMiTspijgXtzJb5yc=
-65,45,dp8HzaPE4vHepQdm3PDkL+KQqkc=,UfiVVAvkxCbX94d/NGlaPPfwPnU=
-73,40,dp8HzaPE4vHepQdm3PDkL+KQqkc=,HuDTv8RB8juMjGBK1eNi7eqd/4E=
-69,46,dp8HzaPE4vHepQdm3PDkL+KQqkc=,UfiVVAvkxCbX94d/NGlaPPfwPnU=
-68,46,dp8HzaPE4vHepQdm3PDkL+KQqkc=,UfiVVAvkxCbX94d/NGlaPPfwPnU=
-65,46,dp8HzaPE4vHepQdm3PDkL+KQqkc=,UfiVVAvkxCbX94d/NGlaPPfwPnU=
-68,36,dp8HzaPE4vHepQdm3PDkL+KQqkc=,yVcW44Jq6fpMiTspijgXtzJb5yc=
-65,39,dp8HzaPE4vHepQdm3PDkL+KQqkc=,yVcW44Jq6fpMiTspijgXtzJb5yc=
-68,47,dp8HzaPE4vHepQdm3PDkL+KQqkc=,UfiVVAvkxCbX94d/NGlaPPfwPnU=
-70,44,dp8HzaPE4vHepQdm3PDkL+KQqkc=,UfiVVAvkxCbX94d/NGlaPPfwPnU=
-67,46,dp8HzaPE4vHepQdm3PDkL+KQqkc=,UfiVVAvkxCbX94d/NGlaPPfwPnU=
-70,38,dp8HzaPE4vHepQdm3PDkL+KQqkc=,yVcW44Jq6fpMiTspijgXtzJb5yc=
-71,40,dp8HzaPE4vHepQdm3PDkL+KQqkc=,UfiVVAvkxCbX94d/NGlaPPfwPnU=
-70,46,dp8HzaPE4vHepQdm3PDkL+KQqkc=,UfiVVAvkxCbX94d/NGlaPPfwPnU=
-73,39,dp8HzaPE4vHepQdm3PDkL+KQqkc=,0NFm/sLkOxhVZYweRYiTT5GXuVY=
-73,34,dp8HzaPE4vHepQdm3PDkL+KQqkc=,0NFm/sLkOxhVZYweRYiTT5GXuVY=
-73,38,dp8HzaPE4vHepQdm3PDkL+KQqkc=,0NFm/sLkOxhVZYweRYiTT5GXuVY=
-72,38,dp8HzaPE4vHepQdm3PDkL+KQqkc=,yVcW44Jq6fpMiTspijgXtzJb5yc=
-69,44,dp8HzaPE4vHepQdm3PDkL+KQqkc=,UfiVVAvkxCbX94d/NGlaPPfwPnU=
-73,33,dp8HzaPE4vHepQdm3PDkL+KQqkc=,0NFm/sLkOxhVZYweRYiTT5GXuVY=
-71,45,dp8HzaPE4vHepQdm3PDkL+KQqkc=,UfiVVAvkxCbX94d/NGlaPPfwPnU=
-71,44,dp8HzaPE4vHepQdm3PDkL+KQqkc=,UfiVVAvkxCbX94d/NGlaPPfwPnU=
-70,45,dp8HzaPE4vHepQdm3PDkL+KQqkc=,UfiVVAvkxCbX94d/NGlaPPfwPnU=
-71,38,dp8HzaPE4vHepQdm3PDkL+KQqkc=,yVcW44Jq6fpMiTspijgXtzJb5yc=
-66,46,dp8HzaPE4vHepQdm3PDkL+KQqkc=,UfiVVAvkxCbX94d/NGlaPPfwPnU=
-67,36,dp8HzaPE4vHepQdm3PDkL+KQqkc=,yVcW44Jq6fpMiTspijgXtzJb5yc=
-69,45,dp8HzaPE4vHepQdm3PDkL+KQqkc=,UfiVVAvkxCbX94d/NGlaPPfwPnU=
-66,37,dp8HzaPE4vHepQdm3PDkL+KQqkc=,yVcW44Jq6fpMiTspijgXtzJb5yc=
-65,37,dp8HzaPE4vHepQdm3PDkL+KQqkc=,yVcW44Jq6fpMiTspijgXtzJb5yc=
-71,46,dp8HzaPE4vHepQdm3PDkL+KQqkc=,UfiVVAvkxCbX94d/NGlaPPfwPnU=
-65,43,dp8HzaPE4vHepQdm3PDkL+KQqkc=,UfiVVAvkxCbX94d/NGlaPPfwPnU=
-67,37,dp8HzaPE4vHepQdm3PDkL+KQqkc=,yVcW44Jq6fpMiTspijgXtzJb5yc=
-68,37,dp8HzaPE4vHepQdm3PDkL+KQqkc=,yVcW44Jq6fpMiTspijgXtzJb5yc=
-65,40,dp8HzaPE4vHepQdm3PDkL+KQqkc=,UfiVVAvkxCbX94d/NGlaPPfwPnU=
-66,40,dp8HzaPE4vHepQdm3PDkL+KQqkc=,UfiVVAvkxCbX94d/NGlaPPfwPnU=
-66,43,dp8HzaPE4vHepQdm3PDkL+KQqkc=,UfiVVAvkxCbX94d/NGlaPPfwPnU=
-67,41,dp8HzaPE4vHepQdm3PDkL+KQqkc=,UfiVVAvkxCbX94d/NGlaPPfwPnU=
-65,41,dp8HzaPE4vHepQdm3PDkL+KQqkc=,UfiVVAvkxCbX94d/NGlaPPfwPnU=
-66,41,dp8HzaPE4vHepQdm3PDkL+KQqkc=,UfiVVAvkxCbX94d/NGlaPPfwPnU=
-71,42,dp8HzaPE4vHepQdm3PDkL+KQqkc=,UfiVVAvkxCbX94d/NGlaPPfwPnU=
-68,41,dp8HzaPE4vHepQdm3PDkL+KQqkc=,UfiVVAvkxCbX94d/NGlaPPfwPnU=
-69,42,dp8HzaPE4vHepQdm3PDkL+KQqkc=,UfiVVAvkxCbX94d/NGlaPPfwPnU=
-68,42,dp8HzaPE4vHepQdm3PDkL+KQqkc=,UfiVVAvkxCbX94d/NGlaPPfwPnU=
-67,42,dp8HzaPE4vHepQdm3PDkL+KQqkc=,UfiVVAvkxCbX94d/NGlaPPfwPnU=
-70,42,dp8HzaPE4vHepQdm3PDkL+KQqkc=,UfiVVAvkxCbX94d/NGlaPPfwPnU=
-66,42,dp8HzaPE4vHepQdm3PDkL+KQqkc=,UfiVVAvkxCbX94d/NGlaPPfwPnU=
-65,42,dp8HzaPE4vHepQdm3PDkL+KQqkc=,UfiVVAvkxCbX94d/NGlaPPfwPnU=
-69,43,dp8HzaPE4vHepQdm3PDkL+KQqkc=,UfiVVAvkxCbX94d/NGlaPPfwPnU=
-67,43,dp8HzaPE4vHepQdm3PDkL+KQqkc=,UfiVVAvkxCbX94d/NGlaPPfwPnU=
-70,43,dp8HzaPE4vHepQdm3PDkL+KQqkc=,UfiVVAvkxCbX94d/NGlaPPfwPnU=
-71,43,dp8HzaPE4vHepQdm3PDkL+KQqkc=,UfiVVAvkxCbX94d/NGlaPPfwPnU=
-68,43,dp8HzaPE4vHepQdm3PDkL+KQqkc=,UfiVVAvkxCbX94d/NGlaPPfwPnU=
