-76,-2,0XZjiWThMaztAMzaMN9XBIEBfM8=,dk5sqkOOvtKFLSoBtuG/Z/deJXA=
-75,-2,0XZjiWThMaztAMzaMN9XBIEBfM8=,dk5sqkOOvtKFLSoBtuG/Z/deJXA=
-74,-2,0XZjiWThMaztAMzaMN9XBIEBfM8=,dk5sqkOOvtKFLSoBtuG/Z/deJXA=
-79,-8,0XZjiWThMaztAMzaMN9XBIEBfM8=,dk5sqkOOvtKFLSoBtuG/Z/deJXA=
-76,-15,0XZjiWThMaztAMzaMN9XBIEBfM8=,EpjqcPV42tslyF4s7ipSOC6bFEk=
-78,-8,0XZjiWThMaztAMzaMN9XBIEBfM8=,dk5sqkOOvtKFLSoBtuG/Z/deJXA=
-77,-8,0XZjiWThMaztAMzaMN9XBIEBfM8=,dk5sqkOOvtKFLSoBtuG/Z/deJXA=
-75,-15,0XZjiWThMaztAMzaMN9XBIEBfM8=,EpjqcPV42tslyF4s7ipSOC6bFEk=
-74,-15,0XZjiWThMaztAMzaMN9XBIEBfM8=,EpjqcPV42tslyF4s7ipSOC6bFEk=
-76,-8,0XZjiWThMaztAMzaMN9XBIEBfM8=,dk5sqkOOvtKFLSoBtuG/Z/deJXA=
-79,-14,0XZjiWThMaztAMzaMN9XBIEBfM8=,EpjqcPV42tslyF4s7ipSOC6bFEk=
-78,-14,0XZjiWThMaztAMzaMN9XBIEBfM8=,EpjqcPV42tslyF4s7ipSOC6bFEk=
-77,-14,0XZjiWThMaztAMzaMN9XBIEBfM8=,EpjqcPV42tslyF4s7ipSOC6bFEk=
-76,-14,0XZjiWThMaztAMzaMN9XBIEBfM8=,EpjqcPV42tslyF4s7ipSOC6bFEk=
-75,-14,0XZjiWThMaztAMzaMN9XBIEBfM8=,EpjqcPV42tslyF4s7ipSOC6bFEk=
-75,-8,0XZjiWThMaztAMzaMN9XBIEBfM8=,dk5sqkOOvtKFLSoBtuG/Z/deJXA=
-74,-14,0XZjiWThMaztAMzaMN9XBIEBfM8=,EpjqcPV42tslyF4s7ipSOC6bFEk=
-74,-8,0XZjiWThMaztAMzaMN9XBIEBfM8=,dk5sqkOOvtKFLSoBtuG/Z/deJXA=
-79,-13,0XZjiWThMaztAMzaMN9XBIEBfM8=,EpjqcPV42tslyF4s7ipSOC6bFEk=
-78,-13,0XZjiWThMaztAMzaMN9XBIEBfM8=,EpjqcPV42tslyF4s7ipSOC6bFEk=
-77,-13,0XZjiWThMaztAMzaMN9XBIEBfM8=,EpjqcPV42tslyF4s7ipSOC6bFEk=
-76,-13,0XZjiWThMaztAMzaMN9XBIEBfM8=,EpjqcPV42tslyF4s7ipSOC6bFEk=
-75,-13,0XZjiWThMaztAMzaMN9XBIEBfM8=,EpjqcPV42tslyF4s7ipSOC6bFEk=
-74,-13,0XZjiWThMaztAMzaMN9XBIEBfM8=,EpjqcPV42tslyF4s7ipSOC6bFEk=
-79,-12,0XZjiWThMaztAMzaMN9XBIEBfM8=,EpjqcPV42tslyF4s7ipSOC6bFEk=
-78,-12,0XZjiWThMaztAMzaMN9XBIEBfM8=,EpjqcPV42tslyF4s7ipSOC6bFEk=
-77,-12,0XZjiWThMaztAMzaMN9XBIEBfM8=,EpjqcPV42tslyF4s7ipSOC6bFEk=
-76,-12,0XZjiWThMaztAMzaMN9XBIEBfM8=,EpjqcPV42tslyF4s7ipSOC6bFEk=
-75,-12,0XZjiWThMaztAMzaMN9XBIEBfM8=,EpjqcPV42tslyF4s7ipSOC6bFEk=
-74,-12,0XZjiWThMaztAMzaMN9XBIEBfM8=,EpjqcPV42tslyF4s7ipSOC6bFEk=
-79,-11,0XZjiWThMaztAMzaMN9XBIEBfM8=,EpjqcPV42tslyF4s7ipSOC6bFEk=
-78,-11,0XZjiWThMaztAMzaMN9XBIEBfM8=,EpjqcPV42tslyF4s7ipSOC6bFEk=
-77,-11,0XZjiWThMaztAMzaMN9XBIEBfM8=,EpjqcPV42tslyF4s7ipSOC6bFEk=
-76,-11,0XZjiWThMaztAMzaMN9XBIEBfM8=,EpjqcPV42tslyF4s7ipSOC6bFEk=
-75,-11,0XZjiWThMaztAMzaMN9XBIEBfM8=,EpjqcPV42tslyF4s7ipSOC6bFEk=
-74,-11,0XZjiWThMaztAMzaMN9XBIEBfM8=,EpjqcPV42tslyF4s7ipSOC6bFEk=
-79,-10,0XZjiWThMaztAMzaMN9XBIEBfM8=,EpjqcPV42tslyF4s7ipSOC6bFEk=
-78,-10,0XZjiWThMaztAMzaMN9XBIEBfM8=,EpjqcPV42tslyF4s7ipSOC6bFEk=
-77,-10,0XZjiWThMaztAMzaMN9XBIEBfM8=,EpjqcPV42tslyF4s7ipSOC6bFEk=
-76,-10,0XZjiWThMaztAMzaMN9XBIEBfM8=,EpjqcPV42tslyF4s7ipSOC6bFEk=
-75,-10,0XZjiWThMaztAMzaMN9XBIEBfM8=,EpjqcPV42tslyF4s7ipSOC6bFEk=
-74,-10,0XZjiWThMaztAMzaMN9XBIEBfM8=,EpjqcPV42tslyF4s7ipSOC6bFEk=
-79,-9,0XZjiWThMaztAMzaMN9XBIEBfM8=,EpjqcPV42tslyF4s7ipSOC6bFEk=
-78,-9,0XZjiWThMaztAMzaMN9XBIEBfM8=,EpjqcPV42tslyF4s7ipSOC6bFEk=
-77,-9,0XZjiWThMaztAMzaMN9XBIEBfM8=,EpjqcPV42tslyF4s7ipSOC6bFEk=
-76,-9,0XZjiWThMaztAMzaMN9XBIEBfM8=,EpjqcPV42tslyF4s7ipSOC6bFEk=
-75,-9,0XZjiWThMaztAMzaMN9XBIEBfM8=,EpjqcPV42tslyF4s7ipSOC6bFEk=
-74,-9,0XZjiWThMaztAMzaMN9XBIEBfM8=,EpjqcPV42tslyF4s7ipSOC6bFEk=
-79,-15,0XZjiWThMaztAMzaMN9XBIEBfM8=,EpjqcPV42tslyF4s7ipSOC6bFEk=
-78,-15,0XZjiWThMaztAMzaMN9XBIEBfM8=,EpjqcPV42tslyF4s7ipSOC6bFEk=
-77,-15,0XZjiWThMaztAMzaMN9XBIEBfM8=,EpjqcPV42tslyF4s7ipSOC6bFEk=
-79,-7,0XZjiWThMaztAMzaMN9XBIEBfM8=,dk5sqkOOvtKFLSoBtuG/Z/deJXA=
-78,-7,0XZjiWThMaztAMzaMN9XBIEBfM8=,dk5sqkOOvtKFLSoBtuG/Z/deJXA=
-77,-7,0XZjiWThMaztAMzaMN9XBIEBfM8=,dk5sqkOOvtKFLSoBtuG/Z/deJXA=
-76,-7,0XZjiWThMaztAMzaMN9XBIEBfM8=,dk5sqkOOvtKFLSoBtuG/Z/deJXA=
-75,-7,0XZjiWThMaztAMzaMN9XBIEBfM8=,dk5sqkOOvtKFLSoBtuG/Z/deJXA=
-74,-7,0XZjiWThMaztAMzaMN9XBIEBfM8=,dk5sqkOOvtKFLSoBtuG/Z/deJXA=
-79,-6,0XZjiWThMaztAMzaMN9XBIEBfM8=,dk5sqkOOvtKFLSoBtuG/Z/deJXA=
-78,-6,0XZjiWThMaztAMzaMN9XBIEBfM8=,dk5sqkOOvtKFLSoBtuG/Z/deJXA=
-77,-6,0XZjiWThMaztAMzaMN9XBIEBfM8=,dk5sqkOOvtKFLSoBtuG/Z/deJXA=
-76,-6,0XZjiWThMaztAMzaMN9XBIEBfM8=,dk5sqkOOvtKFLSoBtuG/Z/deJXA=
-79,-1,0XZjiWThMaztAMzaMN9XBIEBfM8=,dk5sqkOOvtKFLSoBtuG/Z/deJXA=
-78,-1,0XZjiWThMaztAMzaMN9XBIEBfM8=,dk5sqkOOvtKFLSoBtuG/Z/deJXA=
-75,-6,0XZjiWThMaztAMzaMN9XBIEBfM8=,dk5sqkOOvtKFLSoBtuG/Z/deJXA=
-77,-1,0XZjiWThMaztAMzaMN9XBIEBfM8=,dk5sqkOOvtKFLSoBtuG/Z/deJXA=
-74,-6,0XZjiWThMaztAMzaMN9XBIEBfM8=,dk5sqkOOvtKFLSoBtuG/Z/deJXA=
-76,-1,0XZjiWThMaztAMzaMN9XBIEBfM8=,dk5sqkOOvtKFLSoBtuG/Z/deJXA=
-75,-1,0XZjiWThMaztAMzaMN9XBIEBfM8=,dk5sqkOOvtKFLSoBtuG/Z/deJXA=
-74,-1,0XZjiWThMaztAMzaMN9XBIEBfM8=,dk5sqkOOvtKFLSoBtuG/Z/deJXA=
-79,-5,0XZjiWThMaztAMzaMN9XBIEBfM8=,dk5sqkOOvtKFLSoBtuG/Z/deJXA=
-78,-5,0XZjiWThMaztAMzaMN9XBIEBfM8=,dk5sqkOOvtKFLSoBtuG/Z/deJXA=
-77,-5,0XZjiWThMaztAMzaMN9XBIEBfM8=,dk5sqkOOvtKFLSoBtuG/Z/deJXA=
-76,-5,0XZjiWThMaztAMzaMN9XBIEBfM8=,dk5sqkOOvtKFLSoBtuG/Z/deJXA=
-75,-5,0XZjiWThMaztAMzaMN9XBIEBfM8=,dk5sqkOOvtKFLSoBtuG/Z/deJXA=
-74,-5,0XZjiWThMaztAMzaMN9XBIEBfM8=,dk5sqkOOvtKFLSoBtuG/Z/deJXA=
-79,-4,0XZjiWThMaztAMzaMN9XBIEBfM8=,dk5sqkOOvtKFLSoBtuG/Z/deJXA=
-78,-4,0XZjiWThMaztAMzaMN9XBIEBfM8=,dk5sqkOOvtKFLSoBtuG/Z/deJXA=
-77,-4,0XZjiWThMaztAMzaMN9XBIEBfM8=,dk5sqkOOvtKFLSoBtuG/Z/deJXA=
-76,-4,0XZjiWThMaztAMzaMN9XBIEBfM8=,dk5sqkOOvtKFLSoBtuG/Z/deJXA=
-75,-4,0XZjiWThMaztAMzaMN9XBIEBfM8=,dk5sqkOOvtKFLSoBtuG/Z/deJXA=
-74,-4,0XZjiWThMaztAMzaMN9XBIEBfM8=,dk5sqkOOvtKFLSoBtuG/Z/deJXA=
-79,-3,0XZjiWThMaztAMzaMN9XBIEBfM8=,dk5sqkOOvtKFLSoBtuG/Z/deJXA=
-78,-3,0XZjiWThMaztAMzaMN9XBIEBfM8=,dk5sqkOOvtKFLSoBtuG/Z/deJXA=
-77,-3,0XZjiWThMaztAMzaMN9XBIEBfM8=,dk5sqkOOvtKFLSoBtuG/Z/deJXA=
-76,-3,0XZjiWThMaztAMzaMN9XBIEBfM8=,dk5sqkOOvtKFLSoBtuG/Z/deJXA=
-75,-3,0XZjiWThMaztAMzaMN9XBIEBfM8=,dk5sqkOOvtKFLSoBtuG/Z/deJXA=
-74,-3,0XZjiWThMaztAMzaMN9XBIEBfM8=,dk5sqkOOvtKFLSoBtuG/Z/deJXA=
-79,-2,0XZjiWThMaztAMzaMN9XBIEBfM8=,dk5sqkOOvtKFLSoBtuG/Z/deJXA=
-78,-2,0XZjiWThMaztAMzaMN9XBIEBfM8=,dk5sqkOOvtKFLSoBtuG/Z/deJXA=
-77,-2,0XZjiWThMaztAMzaMN9XBIEBfM8=,dk5sqkOOvtKFLSoBtuG/Z/deJXA=
-72,-15,0XZjiWThMaztAMzaMN9XBIEBfM8=,5CWRh9P/Qlt2V5r8i71NDbaa1qw=
-73,-8,0XZjiWThMaztAMzaMN9XBIEBfM8=,dk5sqkOOvtKFLSoBtuG/Z/deJXA=
-72,-3,0XZjiWThMaztAMzaMN9XBIEBfM8=,6Qn6SdmsBkRhWxmP5rtmu2l4/L0=
-73,-7,0XZjiWThMaztAMzaMN9XBIEBfM8=,dk5sqkOOvtKFLSoBtuG/Z/deJXA=
-72,-2,0XZjiWThMaztAMzaMN9XBIEBfM8=,6Qn6SdmsBkRhWxmP5rtmu2l4/L0=
-73,-2,0XZjiWThMaztAMzaMN9XBIEBfM8=,dk5sqkOOvtKFLSoBtuG/Z/deJXA=
-72,-8,0XZjiWThMaztAMzaMN9XBIEBfM8=,6Qn6SdmsBkRhWxmP5rtmu2l4/L0=
-73,-6,0XZjiWThMaztAMzaMN9XBIEBfM8=,dk5sqkOOvtKFLSoBtuG/Z/deJXA=
-72,-4,0XZjiWThMaztAMzaMN9XBIEBfM8=,6Qn6SdmsBkRhWxmP5rtmu2l4/L0=
-72,-7,0XZjiWThMaztAMzaMN9XBIEBfM8=,6Qn6SdmsBkRhWxmP5rtmu2l4/L0=
-73,-5,0XZjiWThMaztAMzaMN9XBIEBfM8=,dk5sqkOOvtKFLSoBtuG/Z/deJXA=
-73,-4,0XZjiWThMaztAMzaMN9XBIEBfM8=,dk5sqkOOvtKFLSoBtuG/Z/deJXA=
-72,-9,0XZjiWThMaztAMzaMN9XBIEBfM8=,5CWRh9P/Qlt2V5r8i71NDbaa1qw=
-72,-6,0XZjiWThMaztAMzaMN9XBIEBfM8=,6Qn6SdmsBkRhWxmP5rtmu2l4/L0=
-72,-5,0XZjiWThMaztAMzaMN9XBIEBfM8=,6Qn6SdmsBkRhWxmP5rtmu2l4/L0=
-73,-9,0XZjiWThMaztAMzaMN9XBIEBfM8=,EpjqcPV42tslyF4s7ipSOC6bFEk=
-73,-3,0XZjiWThMaztAMzaMN9XBIEBfM8=,dk5sqkOOvtKFLSoBtuG/Z/deJXA=
-72,-1,0XZjiWThMaztAMzaMN9XBIEBfM8=,6Qn6SdmsBkRhWxmP5rtmu2l4/L0=
-73,-1,0XZjiWThMaztAMzaMN9XBIEBfM8=,dk5sqkOOvtKFLSoBtuG/Z/deJXA=
-72,-16,0XZjiWThMaztAMzaMN9XBIEBfM8=,5CWRh9P/Qlt2V5r8i71NDbaa1qw=
-79,-16,0XZjiWThMaztAMzaMN9XBIEBfM8=,EpjqcPV42tslyF4s7ipSOC6bFEk=
-78,-16,0XZjiWThMaztAMzaMN9XBIEBfM8=,EpjqcPV42tslyF4s7ipSOC6bFEk=
-77,-16,0XZjiWThMaztAMzaMN9XBIEBfM8=,EpjqcPV42tslyF4s7ipSOC6bFEk=
-76,-16,0XZjiWThMaztAMzaMN9XBIEBfM8=,EpjqcPV42tslyF4s7ipSOC6bFEk=
-75,-16,0XZjiWThMaztAMzaMN9XBIEBfM8=,EpjqcPV42tslyF4s7ipSOC6bFEk=
-74,-16,0XZjiWThMaztAMzaMN9XBIEBfM8=,EpjqcPV42tslyF4s7ipSOC6bFEk=
-73,-16,0XZjiWThMaztAMzaMN9XBIEBfM8=,EpjqcPV42tslyF4s7ipSOC6bFEk=
-69,-1,0XZjiWThMaztAMzaMN9XBIEBfM8=,6Qn6SdmsBkRhWxmP5rtmu2l4/L0=
-70,-1,0XZjiWThMaztAMzaMN9XBIEBfM8=,6Qn6SdmsBkRhWxmP5rtmu2l4/L0=
-71,-1,0XZjiWThMaztAMzaMN9XBIEBfM8=,6Qn6SdmsBkRhWxmP5rtmu2l4/L0=
-80,-7,0XZjiWThMaztAMzaMN9XBIEBfM8=,dk5sqkOOvtKFLSoBtuG/Z/deJXA=
-80,-6,0XZjiWThMaztAMzaMN9XBIEBfM8=,dk5sqkOOvtKFLSoBtuG/Z/deJXA=
-80,-5,0XZjiWThMaztAMzaMN9XBIEBfM8=,dk5sqkOOvtKFLSoBtuG/Z/deJXA=
-80,-4,0XZjiWThMaztAMzaMN9XBIEBfM8=,dk5sqkOOvtKFLSoBtuG/Z/deJXA=
-80,-3,0XZjiWThMaztAMzaMN9XBIEBfM8=,dk5sqkOOvtKFLSoBtuG/Z/deJXA=
-80,-2,0XZjiWThMaztAMzaMN9XBIEBfM8=,dk5sqkOOvtKFLSoBtuG/Z/deJXA=
-80,-16,0XZjiWThMaztAMzaMN9XBIEBfM8=,EpjqcPV42tslyF4s7ipSOC6bFEk=
-80,-8,0XZjiWThMaztAMzaMN9XBIEBfM8=,dk5sqkOOvtKFLSoBtuG/Z/deJXA=
-80,-14,0XZjiWThMaztAMzaMN9XBIEBfM8=,EpjqcPV42tslyF4s7ipSOC6bFEk=
-80,-13,0XZjiWThMaztAMzaMN9XBIEBfM8=,EpjqcPV42tslyF4s7ipSOC6bFEk=
-80,-12,0XZjiWThMaztAMzaMN9XBIEBfM8=,EpjqcPV42tslyF4s7ipSOC6bFEk=
-80,-11,0XZjiWThMaztAMzaMN9XBIEBfM8=,EpjqcPV42tslyF4s7ipSOC6bFEk=
-80,-10,0XZjiWThMaztAMzaMN9XBIEBfM8=,EpjqcPV42tslyF4s7ipSOC6bFEk=
-80,-9,0XZjiWThMaztAMzaMN9XBIEBfM8=,EpjqcPV42tslyF4s7ipSOC6bFEk=
-80,-15,0XZjiWThMaztAMzaMN9XBIEBfM8=,EpjqcPV42tslyF4s7ipSOC6bFEk=
-80,-1,0XZjiWThMaztAMzaMN9XBIEBfM8=,dk5sqkOOvtKFLSoBtuG/Z/deJXA=
-69,-4,0XZjiWThMaztAMzaMN9XBIEBfM8=,6Qn6SdmsBkRhWxmP5rtmu2l4/L0=
-69,-3,0XZjiWThMaztAMzaMN9XBIEBfM8=,6Qn6SdmsBkRhWxmP5rtmu2l4/L0=
-71,-3,0XZjiWThMaztAMzaMN9XBIEBfM8=,6Qn6SdmsBkRhWxmP5rtmu2l4/L0=
-65,-1,0XZjiWThMaztAMzaMN9XBIEBfM8=,6Qn6SdmsBkRhWxmP5rtmu2l4/L0=
-71,-2,0XZjiWThMaztAMzaMN9XBIEBfM8=,6Qn6SdmsBkRhWxmP5rtmu2l4/L0=
-66,-1,0XZjiWThMaztAMzaMN9XBIEBfM8=,6Qn6SdmsBkRhWxmP5rtmu2l4/L0=
-65,-4,0XZjiWThMaztAMzaMN9XBIEBfM8=,6Qn6SdmsBkRhWxmP5rtmu2l4/L0=
-67,-1,0XZjiWThMaztAMzaMN9XBIEBfM8=,6Qn6SdmsBkRhWxmP5rtmu2l4/L0=
-70,-4,0XZjiWThMaztAMzaMN9XBIEBfM8=,6Qn6SdmsBkRhWxmP5rtmu2l4/L0=
-68,-3,0XZjiWThMaztAMzaMN9XBIEBfM8=,6Qn6SdmsBkRhWxmP5rtmu2l4/L0=
-70,-2,0XZjiWThMaztAMzaMN9XBIEBfM8=,6Qn6SdmsBkRhWxmP5rtmu2l4/L0=
-68,-4,0XZjiWThMaztAMzaMN9XBIEBfM8=,6Qn6SdmsBkRhWxmP5rtmu2l4/L0=
-67,-3,0XZjiWThMaztAMzaMN9XBIEBfM8=,6Qn6SdmsBkRhWxmP5rtmu2l4/L0=
-69,-2,0XZjiWThMaztAMzaMN9XBIEBfM8=,6Qn6SdmsBkRhWxmP5rtmu2l4/L0=
-66,-4,0XZjiWThMaztAMzaMN9XBIEBfM8=,6Qn6SdmsBkRhWxmP5rtmu2l4/L0=
-72,-10,0XZjiWThMaztAMzaMN9XBIEBfM8=,5CWRh9P/Qlt2V5r8i71NDbaa1qw=
-72,-11,0XZjiWThMaztAMzaMN9XBIEBfM8=,5CWRh9P/Qlt2V5r8i71NDbaa1qw=
-72,-12,0XZjiWThMaztAMzaMN9XBIEBfM8=,5CWRh9P/Qlt2V5r8i71NDbaa1qw=
-70,-3,0XZjiWThMaztAMzaMN9XBIEBfM8=,6Qn6SdmsBkRhWxmP5rtmu2l4/L0=
-71,-4,0XZjiWThMaztAMzaMN9XBIEBfM8=,6Qn6SdmsBkRhWxmP5rtmu2l4/L0=
-68,-2,0XZjiWThMaztAMzaMN9XBIEBfM8=,6Qn6SdmsBkRhWxmP5rtmu2l4/L0=
-67,-4,0XZjiWThMaztAMzaMN9XBIEBfM8=,6Qn6SdmsBkRhWxmP5rtmu2l4/L0=
-73,-10,0XZjiWThMaztAMzaMN9XBIEBfM8=,EpjqcPV42tslyF4s7ipSOC6bFEk=
-68,-1,0XZjiWThMaztAMzaMN9XBIEBfM8=,6Qn6SdmsBkRhWxmP5rtmu2l4/L0=
-66,-3,0XZjiWThMaztAMzaMN9XBIEBfM8=,6Qn6SdmsBkRhWxmP5rtmu2l4/L0=
-67,-2,0XZjiWThMaztAMzaMN9XBIEBfM8=,6Qn6SdmsBkRhWxmP5rtmu2l4/L0=
-65,-2,0XZjiWThMaztAMzaMN9XBIEBfM8=,6Qn6SdmsBkRhWxmP5rtmu2l4/L0=
-67,-13,0XZjiWThMaztAMzaMN9XBIEBfM8=,5CWRh9P/Qlt2V5r8i71NDbaa1qw=
-68,-8,0XZjiWThMaztAMzaMN9XBIEBfM8=,6Qn6SdmsBkRhWxmP5rtmu2l4/L0=
-66,-13,0XZjiWThMaztAMzaMN9XBIEBfM8=,5CWRh9P/Qlt2V5r8i71NDbaa1qw=
-65,-3,0XZjiWThMaztAMzaMN9XBIEBfM8=,6Qn6SdmsBkRhWxmP5rtmu2l4/L0=
-72,-13,0XZjiWThMaztAMzaMN9XBIEBfM8=,5CWRh9P/Qlt2V5r8i71NDbaa1qw=
-70,-6,0XZjiWThMaztAMzaMN9XBIEBfM8=,6Qn6SdmsBkRhWxmP5rtmu2l4/L0=
-66,-2,0XZjiWThMaztAMzaMN9XBIEBfM8=,6Qn6SdmsBkRhWxmP5rtmu2l4/L0=
-69,-13,0XZjiWThMaztAMzaMN9XBIEBfM8=,5CWRh9P/Qlt2V5r8i71NDbaa1qw=
-70,-13,0XZjiWThMaztAMzaMN9XBIEBfM8=,5CWRh9P/Qlt2V5r8i71NDbaa1qw=
-73,-11,0XZjiWThMaztAMzaMN9XBIEBfM8=,EpjqcPV42tslyF4s7ipSOC6bFEk=
-68,-5,0XZjiWThMaztAMzaMN9XBIEBfM8=,6Qn6SdmsBkRhWxmP5rtmu2l4/L0=
-67,-8,0XZjiWThMaztAMzaMN9XBIEBfM8=,6Qn6SdmsBkRhWxmP5rtmu2l4/L0=
-68,-13,0XZjiWThMaztAMzaMN9XBIEBfM8=,5CWRh9P/Qlt2V5r8i71NDbaa1qw=
-66,-8,0XZjiWThMaztAMzaMN9XBIEBfM8=,6Qn6SdmsBkRhWxmP5rtmu2l4/L0=
-71,-13,0XZjiWThMaztAMzaMN9XBIEBfM8=,5CWRh9P/Qlt2V5r8i71NDbaa1qw=
-71,-12,0XZjiWThMaztAMzaMN9XBIEBfM8=,5CWRh9P/Qlt2V5r8i71NDbaa1qw=
-66,-14,0XZjiWThMaztAMzaMN9XBIEBfM8=,5CWRh9P/Qlt2V5r8i71NDbaa1qw=
-67,-5,0XZjiWThMaztAMzaMN9XBIEBfM8=,6Qn6SdmsBkRhWxmP5rtmu2l4/L0=
-73,-12,0XZjiWThMaztAMzaMN9XBIEBfM8=,EpjqcPV42tslyF4s7ipSOC6bFEk=
-66,-5,0XZjiWThMaztAMzaMN9XBIEBfM8=,6Qn6SdmsBkRhWxmP5rtmu2l4/L0=
-71,-7,0XZjiWThMaztAMzaMN9XBIEBfM8=,6Qn6SdmsBkRhWxmP5rtmu2l4/L0=
-67,-14,0XZjiWThMaztAMzaMN9XBIEBfM8=,5CWRh9P/Qlt2V5r8i71NDbaa1qw=
-70,-9,0XZjiWThMaztAMzaMN9XBIEBfM8=,5CWRh9P/Qlt2V5r8i71NDbaa1qw=
-71,-9,0XZjiWThMaztAMzaMN9XBIEBfM8=,5CWRh9P/Qlt2V5r8i71NDbaa1qw=
-65,-5,0XZjiWThMaztAMzaMN9XBIEBfM8=,6Qn6SdmsBkRhWxmP5rtmu2l4/L0=
-70,-7,0XZjiWThMaztAMzaMN9XBIEBfM8=,6Qn6SdmsBkRhWxmP5rtmu2l4/L0=
-73,-13,0XZjiWThMaztAMzaMN9XBIEBfM8=,EpjqcPV42tslyF4s7ipSOC6bFEk=
-68,-9,0XZjiWThMaztAMzaMN9XBIEBfM8=,5CWRh9P/Qlt2V5r8i71NDbaa1qw=
-69,-9,0XZjiWThMaztAMzaMN9XBIEBfM8=,5CWRh9P/Qlt2V5r8i71NDbaa1qw=
-70,-12,YcJGGN5JyEk7X0Qe1C6QVIrfzDo=,5CWRh9P/Qlt2V5r8i71NDbaa1qw=
-67,-9,YcJGGN5JyEk7X0Qe1C6QVIrfzDo=,5CWRh9P/Qlt2V5r8i71NDbaa1qw=
-66,-9,YcJGGN5JyEk7X0Qe1C6QVIrfzDo=,5CWRh9P/Qlt2V5r8i71NDbaa1qw=
-68,-14,YcJGGN5JyEk7X0Qe1C6QVIrfzDo=,5CWRh9P/Qlt2V5r8i71NDbaa1qw=
-72,-14,YcJGGN5JyEk7X0Qe1C6QVIrfzDo=,5CWRh9P/Qlt2V5r8i71NDbaa1qw=
-73,-14,YcJGGN5JyEk7X0Qe1C6QVIrfzDo=,EpjqcPV42tslyF4s7ipSOC6bFEk=
-70,-14,YcJGGN5JyEk7X0Qe1C6QVIrfzDo=,5CWRh9P/Qlt2V5r8i71NDbaa1qw=
-70,-8,YcJGGN5JyEk7X0Qe1C6QVIrfzDo=,6Qn6SdmsBkRhWxmP5rtmu2l4/L0=
-69,-6,YcJGGN5JyEk7X0Qe1C6QVIrfzDo=,6Qn6SdmsBkRhWxmP5rtmu2l4/L0=
-69,-12,YcJGGN5JyEk7X0Qe1C6QVIrfzDo=,5CWRh9P/Qlt2V5r8i71NDbaa1qw=
-69,-14,YcJGGN5JyEk7X0Qe1C6QVIrfzDo=,5CWRh9P/Qlt2V5r8i71NDbaa1qw=
-71,-14,YcJGGN5JyEk7X0Qe1C6QVIrfzDo=,5CWRh9P/Qlt2V5r8i71NDbaa1qw=
-67,-6,YcJGGN5JyEk7X0Qe1C6QVIrfzDo=,6Qn6SdmsBkRhWxmP5rtmu2l4/L0=
-66,-15,YcJGGN5JyEk7X0Qe1C6QVIrfzDo=,5CWRh9P/Qlt2V5r8i71NDbaa1qw=
-66,-6,YcJGGN5JyEk7X0Qe1C6QVIrfzDo=,6Qn6SdmsBkRhWxmP5rtmu2l4/L0=
-73,-15,YcJGGN5JyEk7X0Qe1C6QVIrfzDo=,EpjqcPV42tslyF4s7ipSOC6bFEk=
-68,-6,YcJGGN5JyEk7X0Qe1C6QVIrfzDo=,6Qn6SdmsBkRhWxmP5rtmu2l4/L0=
-65,-6,YcJGGN5JyEk7X0Qe1C6QVIrfzDo=,6Qn6SdmsBkRhWxmP5rtmu2l4/L0=
-67,-15,YcJGGN5JyEk7X0Qe1C6QVIrfzDo=,5CWRh9P/Qlt2V5r8i71NDbaa1qw=
-71,-5,YcJGGN5JyEk7X0Qe1C6QVIrfzDo=,6Qn6SdmsBkRhWxmP5rtmu2l4/L0=
-71,-8,YcJGGN5JyEk7X0Qe1C6QVIrfzDo=,6Qn6SdmsBkRhWxmP5rtmu2l4/L0=
-68,-12,YcJGGN5JyEk7X0Qe1C6QVIrfzDo=,5CWRh9P/Qlt2V5r8i71NDbaa1qw=
-69,-8,YcJGGN5JyEk7X0Qe1C6QVIrfzDo=,6Qn6SdmsBkRhWxmP5rtmu2l4/L0=
-69,-7,YcJGGN5JyEk7X0Qe1C6QVIrfzDo=,6Qn6SdmsBkRhWxmP5rtmu2l4/L0=
-68,-15,YcJGGN5JyEk7X0Qe1C6QVIrfzDo=,5CWRh9P/Qlt2V5r8i71NDbaa1qw=
-68,-7,YcJGGN5JyEk7X0Qe1C6QVIrfzDo=,6Qn6SdmsBkRhWxmP5rtmu2l4/L0=
-66,-7,YcJGGN5JyEk7X0Qe1C6QVIrfzDo=,6Qn6SdmsBkRhWxmP5rtmu2l4/L0=
-69,-15,YcJGGN5JyEk7X0Qe1C6QVIrfzDo=,5CWRh9P/Qlt2V5r8i71NDbaa1qw=
-70,-15,YcJGGN5JyEk7X0Qe1C6QVIrfzDo=,5CWRh9P/Qlt2V5r8i71NDbaa1qw=
-69,-5,YcJGGN5JyEk7X0Qe1C6QVIrfzDo=,6Qn6SdmsBkRhWxmP5rtmu2l4/L0=
-65,-7,YcJGGN5JyEk7X0Qe1C6QVIrfzDo=,6Qn6SdmsBkRhWxmP5rtmu2l4/L0=
-70,-5,YcJGGN5JyEk7X0Qe1C6QVIrfzDo=,6Qn6SdmsBkRhWxmP5rtmu2l4/L0=
-71,-6,YcJGGN5JyEk7X0Qe1C6QVIrfzDo=,6Qn6SdmsBkRhWxmP5rtmu2l4/L0=
-71,-15,YcJGGN5JyEk7X0Qe1C6QVIrfzDo=,5CWRh9P/Qlt2V5r8i71NDbaa1qw=
-67,-12,YcJGGN5JyEk7X0Qe1C6QVIrfzDo=,5CWRh9P/Qlt2V5r8i71NDbaa1qw=
-67,-16,YcJGGN5JyEk7X0Qe1C6QVIrfzDo=,5CWRh9P/Qlt2V5r8i71NDbaa1qw=
-71,-16,YcJGGN5JyEk7X0Qe1C6QVIrfzDo=,5CWRh9P/Qlt2V5r8i71NDbaa1qw=
-67,-7,YcJGGN5JyEk7X0Qe1C6QVIrfzDo=,6Qn6SdmsBkRhWxmP5rtmu2l4/L0=
-69,-16,YcJGGN5JyEk7X0Qe1C6QVIrfzDo=,5CWRh9P/Qlt2V5r8i71NDbaa1qw=
-66,-16,YcJGGN5JyEk7X0Qe1C6QVIrfzDo=,5CWRh9P/Qlt2V5r8i71NDbaa1qw=
-70,-16,YcJGGN5JyEk7X0Qe1C6QVIrfzDo=,5CWRh9P/Qlt2V5r8i71NDbaa1qw=
-65,-14,YcJGGN5JyEk7X0Qe1C6QVIrfzDo=,5CWRh9P/Qlt2V5r8i71NDbaa1qw=
-65,-15,YcJGGN5JyEk7X0Qe1C6QVIrfzDo=,5CWRh9P/Qlt2V5r8i71NDbaa1qw=
-65,-8,YcJGGN5JyEk7X0Qe1C6QVIrfzDo=,6Qn6SdmsBkRhWxmP5rtmu2l4/L0=
-65,-11,YcJGGN5JyEk7X0Qe1C6QVIrfzDo=,5CWRh9P/Qlt2V5r8i71NDbaa1qw=
-68,-16,YcJGGN5JyEk7X0Qe1C6QVIrfzDo=,5CWRh9P/Qlt2V5r8i71NDbaa1qw=
-65,-13,YcJGGN5JyEk7X0Qe1C6QVIrfzDo=,5CWRh9P/Qlt2V5r8i71NDbaa1qw=
-65,-16,YcJGGN5JyEk7X0Qe1C6QVIrfzDo=,5CWRh9P/Qlt2V5r8i71NDbaa1qw=
-66,-12,YcJGGN5JyEk7X0Qe1C6QVIrfzDo=,5CWRh9P/Qlt2V5r8i71NDbaa1qw=
-65,-12,YcJGGN5JyEk7X0Qe1C6QVIrfzDo=,5CWRh9P/Qlt2V5r8i71NDbaa1qw=
-65,-9,YcJGGN5JyEk7X0Qe1C6QVIrfzDo=,5CWRh9P/Qlt2V5r8i71NDbaa1qw=
-69,-10,YcJGGN5JyEk7X0Qe1C6QVIrfzDo=,5CWRh9P/Qlt2V5r8i71NDbaa1qw=
-68,-10,YcJGGN5JyEk7X0Qe1C6QVIrfzDo=,5CWRh9P/Qlt2V5r8i71NDbaa1qw=
-65,-10,YcJGGN5JyEk7X0Qe1C6QVIrfzDo=,5CWRh9P/Qlt2V5r8i71NDbaa1qw=
-71,-10,YcJGGN5JyEk7X0Qe1C6QVIrfzDo=,5CWRh9P/Qlt2V5r8i71NDbaa1qw=
-66,-10,YcJGGN5JyEk7X0Qe1C6QVIrfzDo=,5CWRh9P/Qlt2V5r8i71NDbaa1qw=
-67,-10,YcJGGN5JyEk7X0Qe1C6QVIrfzDo=,5CWRh9P/Qlt2V5r8i71NDbaa1qw=
-70,-10,YcJGGN5JyEk7X0Qe1C6QVIrfzDo=,5CWRh9P/Qlt2V5r8i71NDbaa1qw=
-66,-11,YcJGGN5JyEk7X0Qe1C6QVIrfzDo=,5CWRh9P/Qlt2V5r8i71NDbaa1qw=
-67,-11,YcJGGN5JyEk7X0Qe1C6QVIrfzDo=,5CWRh9P/Qlt2V5r8i71NDbaa1qw=
-70,-11,YcJGGN5JyEk7X0Qe1C6QVIrfzDo=,5CWRh9P/Qlt2V5r8i71NDbaa1qw=
-69,-11,YcJGGN5JyEk7X0Qe1C6QVIrfzDo=,5CWRh9P/Qlt2V5r8i71NDbaa1qw=
-71,-11,YcJGGN5JyEk7X0Qe1C6QVIrfzDo=,5CWRh9P/Qlt2V5r8i71NDbaa1qw=
-68,-11,YcJGGN5JyEk7X0Qe1C6QVIrfzDo=,5CWRh9P/Qlt2V5r8i71NDbaa1qw=
-76,-18,YcJGGN5JyEk7X0Qe1C6QVIrfzDo=,q9zAMIENyATeOLpM+jgm9RwLOd4=
-75,-18,YcJGGN5JyEk7X0Qe1C6QVIrfzDo=,q9zAMIENyATeOLpM+jgm9RwLOd4=
-74,-18,YcJGGN5JyEk7X0Qe1C6QVIrfzDo=,q9zAMIENyATeOLpM+jgm9RwLOd4=
-79,-17,YcJGGN5JyEk7X0Qe1C6QVIrfzDo=,q9zAMIENyATeOLpM+jgm9RwLOd4=
-78,-17,YcJGGN5JyEk7X0Qe1C6QVIrfzDo=,q9zAMIENyATeOLpM+jgm9RwLOd4=
-77,-17,YcJGGN5JyEk7X0Qe1C6QVIrfzDo=,q9zAMIENyATeOLpM+jgm9RwLOd4=
-76,-17,YcJGGN5JyEk7X0Qe1C6QVIrfzDo=,q9zAMIENyATeOLpM+jgm9RwLOd4=
-75,-17,YcJGGN5JyEk7X0Qe1C6QVIrfzDo=,q9zAMIENyATeOLpM+jgm9RwLOd4=
-74,-17,YcJGGN5JyEk7X0Qe1C6QVIrfzDo=,q9zAMIENyATeOLpM+jgm9RwLOd4=
-79,-24,YcJGGN5JyEk7X0Qe1C6QVIrfzDo=,q9zAMIENyATeOLpM+jgm9RwLOd4=
-76,-31,YcJGGN5JyEk7X0Qe1C6QVIrfzDo=,VzZrjNxW2fkaCQDHCVeh0LGkXSg=
-75,-31,YcJGGN5JyEk7X0Qe1C6QVIrfzDo=,VzZrjNxW2fkaCQDHCVeh0LGkXSg=
-74,-31,YcJGGN5JyEk7X0Qe1C6QVIrfzDo=,VzZrjNxW2fkaCQDHCVeh0LGkXSg=
-78,-24,YcJGGN5JyEk7X0Qe1C6QVIrfzDo=,q9zAMIENyATeOLpM+jgm9RwLOd4=
-79,-30,YcJGGN5JyEk7X0Qe1C6QVIrfzDo=,VzZrjNxW2fkaCQDHCVeh0LGkXSg=
-78,-30,YcJGGN5JyEk7X0Qe1C6QVIrfzDo=,VzZrjNxW2fkaCQDHCVeh0LGkXSg=
-77,-30,YcJGGN5JyEk7X0Qe1C6QVIrfzDo=,VzZrjNxW2fkaCQDHCVeh0LGkXSg=
-76,-30,YcJGGN5JyEk7X0Qe1C6QVIrfzDo=,VzZrjNxW2fkaCQDHCVeh0LGkXSg=
-75,-30,YcJGGN5JyEk7X0Qe1C6QVIrfzDo=,VzZrjNxW2fkaCQDHCVeh0LGkXSg=
-74,-30,YcJGGN5JyEk7X0Qe1C6QVIrfzDo=,VzZrjNxW2fkaCQDHCVeh0LGkXSg=
-79,-29,YcJGGN5JyEk7X0Qe1C6QVIrfzDo=,VzZrjNxW2fkaCQDHCVeh0LGkXSg=
-78,-29,YcJGGN5JyEk7X0Qe1C6QVIrfzDo=,VzZrjNxW2fkaCQDHCVeh0LGkXSg=
-77,-29,YcJGGN5JyEk7X0Qe1C6QVIrfzDo=,VzZrjNxW2fkaCQDHCVeh0LGkXSg=
-76,-29,YcJGGN5JyEk7X0Qe1C6QVIrfzDo=,VzZrjNxW2fkaCQDHCVeh0LGkXSg=
-75,-29,YcJGGN5JyEk7X0Qe1C6QVIrfzDo=,VzZrjNxW2fkaCQDHCVeh0LGkXSg=
-74,-29,YcJGGN5JyEk7X0Qe1C6QVIrfzDo=,VzZrjNxW2fkaCQDHCVeh0LGkXSg=
-77,-24,YcJGGN5JyEk7X0Qe1C6QVIrfzDo=,q9zAMIENyATeOLpM+jgm9RwLOd4=
-76,-24,YcJGGN5JyEk7X0Qe1C6QVIrfzDo=,q9zAMIENyATeOLpM+jgm9RwLOd4=
-75,-24,YcJGGN5JyEk7X0Qe1C6QVIrfzDo=,q9zAMIENyATeOLpM+jgm9RwLOd4=
-74,-24,YcJGGN5JyEk7X0Qe1C6QVIrfzDo=,q9zAMIENyATeOLpM+jgm9RwLOd4=
-79,-28,YcJGGN5JyEk7X0Qe1C6QVIrfzDo=,VzZrjNxW2fkaCQDHCVeh0LGkXSg=
-78,-28,YcJGGN5JyEk7X0Qe1C6QVIrfzDo=,VzZrjNxW2fkaCQDHCVeh0LGkXSg=
-77,-28,YcJGGN5JyEk7X0Qe1C6QVIrfzDo=,VzZrjNxW2fkaCQDHCVeh0LGkXSg=
-76,-28,YcJGGN5JyEk7X0Qe1C6QVIrfzDo=,VzZrjNxW2fkaCQDHCVeh0LGkXSg=
-75,-28,YcJGGN5JyEk7X0Qe1C6QVIrfzDo=,VzZrjNxW2fkaCQDHCVeh0LGkXSg=
-74,-28,YcJGGN5JyEk7X0Qe1C6QVIrfzDo=,VzZrjNxW2fkaCQDHCVeh0LGkXSg=
-79,-27,YcJGGN5JyEk7X0Qe1C6QVIrfzDo=,VzZrjNxW2fkaCQDHCVeh0LGkXSg=
-78,-27,YcJGGN5JyEk7X0Qe1C6QVIrfzDo=,VzZrjNxW2fkaCQDHCVeh0LGkXSg=
-77,-27,YcJGGN5JyEk7X0Qe1C6QVIrfzDo=,VzZrjNxW2fkaCQDHCVeh0LGkXSg=
-76,-27,YcJGGN5JyEk7X0Qe1C6QVIrfzDo=,VzZrjNxW2fkaCQDHCVeh0LGkXSg=
-75,-27,YcJGGN5JyEk7X0Qe1C6QVIrfzDo=,VzZrjNxW2fkaCQDHCVeh0LGkXSg=
-74,-27,YcJGGN5JyEk7X0Qe1C6QVIrfzDo=,VzZrjNxW2fkaCQDHCVeh0LGkXSg=
-79,-26,YcJGGN5JyEk7X0Qe1C6QVIrfzDo=,VzZrjNxW2fkaCQDHCVeh0LGkXSg=
-78,-26,YcJGGN5JyEk7X0Qe1C6QVIrfzDo=,VzZrjNxW2fkaCQDHCVeh0LGkXSg=
-77,-26,YcJGGN5JyEk7X0Qe1C6QVIrfzDo=,VzZrjNxW2fkaCQDHCVeh0LGkXSg=
-76,-26,YcJGGN5JyEk7X0Qe1C6QVIrfzDo=,VzZrjNxW2fkaCQDHCVeh0LGkXSg=
-75,-26,YcJGGN5JyEk7X0Qe1C6QVIrfzDo=,VzZrjNxW2fkaCQDHCVeh0LGkXSg=
-74,-26,YcJGGN5JyEk7X0Qe1C6QVIrfzDo=,VzZrjNxW2fkaCQDHCVeh0LGkXSg=
-79,-25,YcJGGN5JyEk7X0Qe1C6QVIrfzDo=,VzZrjNxW2fkaCQDHCVeh0LGkXSg=
-79,-31,YcJGGN5JyEk7X0Qe1C6QVIrfzDo=,VzZrjNxW2fkaCQDHCVeh0LGkXSg=
-78,-25,YcJGGN5JyEk7X0Qe1C6QVIrfzDo=,VzZrjNxW2fkaCQDHCVeh0LGkXSg=
-78,-31,YcJGGN5JyEk7X0Qe1C6QVIrfzDo=,VzZrjNxW2fkaCQDHCVeh0LGkXSg=
-77,-25,YcJGGN5JyEk7X0Qe1C6QVIrfzDo=,VzZrjNxW2fkaCQDHCVeh0LGkXSg=
-76,-25,YcJGGN5JyEk7X0Qe1C6QVIrfzDo=,VzZrjNxW2fkaCQDHCVeh0LGkXSg=
-75,-25,YcJGGN5JyEk7X0Qe1C6QVIrfzDo=,VzZrjNxW2fkaCQDHCVeh0LGkXSg=
-74,-25,YcJGGN5JyEk7X0Qe1C6QVIrfzDo=,VzZrjNxW2fkaCQDHCVeh0LGkXSg=
-77,-31,YcJGGN5JyEk7X0Qe1C6QVIrfzDo=,VzZrjNxW2fkaCQDHCVeh0LGkXSg=
-80,-23,YcJGGN5JyEk7X0Qe1C6QVIrfzDo=,q9zAMIENyATeOLpM+jgm9RwLOd4=
-80,-22,YcJGGN5JyEk7X0Qe1C6QVIrfzDo=,q9zAMIENyATeOLpM+jgm9RwLOd4=
-80,-21,YcJGGN5JyEk7X0Qe1C6QVIrfzDo=,q9zAMIENyATeOLpM+jgm9RwLOd4=
-80,-20,YcJGGN5JyEk7X0Qe1C6QVIrfzDo=,q9zAMIENyATeOLpM+jgm9RwLOd4=
-80,-19,YcJGGN5JyEk7X0Qe1C6QVIrfzDo=,q9zAMIENyATeOLpM+jgm9RwLOd4=
-80,-18,YcJGGN5JyEk7X0Qe1C6QVIrfzDo=,q9zAMIENyATeOLpM+jgm9RwLOd4=
-77,-18,YcJGGN5JyEk7X0Qe1C6QVIrfzDo=,q9zAMIENyATeOLpM+jgm9RwLOd4=
-78,-18,YcJGGN5JyEk7X0Qe1C6QVIrfzDo=,q9zAMIENyATeOLpM+jgm9RwLOd4=
-79,-18,YcJGGN5JyEk7X0Qe1C6QVIrfzDo=,q9zAMIENyATeOLpM+jgm9RwLOd4=
-74,-19,YcJGGN5JyEk7X0Qe1C6QVIrfzDo=,q9zAMIENyATeOLpM+jgm9RwLOd4=
-75,-19,YcJGGN5JyEk7X0Qe1C6QVIrfzDo=,q9zAMIENyATeOLpM+jgm9RwLOd4=
-76,-19,YcJGGN5JyEk7X0Qe1C6QVIrfzDo=,q9zAMIENyATeOLpM+jgm9RwLOd4=
-77,-19,YcJGGN5JyEk7X0Qe1C6QVIrfzDo=,q9zAMIENyATeOLpM+jgm9RwLOd4=
-78,-19,YcJGGN5JyEk7X0Qe1C6QVIrfzDo=,q9zAMIENyATeOLpM+jgm9RwLOd4=
-79,-19,YcJGGN5JyEk7X0Qe1C6QVIrfzDo=,q9zAMIENyATeOLpM+jgm9RwLOd4=
-74,-20,YcJGGN5JyEk7X0Qe1C6QVIrfzDo=,q9zAMIENyATeOLpM+jgm9RwLOd4=
-75,-20,YcJGGN5JyEk7X0Qe1C6QVIrfzDo=,q9zAMIENyATeOLpM+jgm9RwLOd4=
-76,-20,YcJGGN5JyEk7X0Qe1C6QVIrfzDo=,q9zAMIENyATeOLpM+jgm9RwLOd4=
-77,-20,YcJGGN5JyEk7X0Qe1C6QVIrfzDo=,q9zAMIENyATeOLpM+jgm9RwLOd4=
-78,-20,YcJGGN5JyEk7X0Qe1C6QVIrfzDo=,q9zAMIENyATeOLpM+jgm9RwLOd4=
-79,-20,YcJGGN5JyEk7X0Qe1C6QVIrfzDo=,q9zAMIENyATeOLpM+jgm9RwLOd4=
-74,-21,YcJGGN5JyEk7X0Qe1C6QVIrfzDo=,q9zAMIENyATeOLpM+jgm9RwLOd4=
-75,-21,YcJGGN5JyEk7X0Qe1C6QVIrfzDo=,q9zAMIENyATeOLpM+jgm9RwLOd4=
-76,-21,YcJGGN5JyEk7X0Qe1C6QVIrfzDo=,q9zAMIENyATeOLpM+jgm9RwLOd4=
-77,-21,YcJGGN5JyEk7X0Qe1C6QVIrfzDo=,q9zAMIENyATeOLpM+jgm9RwLOd4=
-78,-21,YcJGGN5JyEk7X0Qe1C6QVIrfzDo=,q9zAMIENyATeOLpM+jgm9RwLOd4=
-79,-21,YcJGGN5JyEk7X0Qe1C6QVIrfzDo=,q9zAMIENyATeOLpM+jgm9RwLOd4=
-74,-22,YcJGGN5JyEk7X0Qe1C6QVIrfzDo=,q9zAMIENyATeOLpM+jgm9RwLOd4=
-75,-22,YcJGGN5JyEk7X0Qe1C6QVIrfzDo=,q9zAMIENyATeOLpM+jgm9RwLOd4=
-76,-22,YcJGGN5JyEk7X0Qe1C6QVIrfzDo=,q9zAMIENyATeOLpM+jgm9RwLOd4=
-77,-22,YcJGGN5JyEk7X0Qe1C6QVIrfzDo=,q9zAMIENyATeOLpM+jgm9RwLOd4=
-78,-22,YcJGGN5JyEk7X0Qe1C6QVIrfzDo=,q9zAMIENyATeOLpM+jgm9RwLOd4=
-79,-22,YcJGGN5JyEk7X0Qe1C6QVIrfzDo=,q9zAMIENyATeOLpM+jgm9RwLOd4=
-74,-23,YcJGGN5JyEk7X0Qe1C6QVIrfzDo=,q9zAMIENyATeOLpM+jgm9RwLOd4=
-75,-23,YcJGGN5JyEk7X0Qe1C6QVIrfzDo=,q9zAMIENyATeOLpM+jgm9RwLOd4=
-76,-23,YcJGGN5JyEk7X0Qe1C6QVIrfzDo=,q9zAMIENyATeOLpM+jgm9RwLOd4=
-77,-23,YcJGGN5JyEk7X0Qe1C6QVIrfzDo=,q9zAMIENyATeOLpM+jgm9RwLOd4=
-78,-23,YcJGGN5JyEk7X0Qe1C6QVIrfzDo=,q9zAMIENyATeOLpM+jgm9RwLOd4=
-79,-23,YcJGGN5JyEk7X0Qe1C6QVIrfzDo=,q9zAMIENyATeOLpM+jgm9RwLOd4=
-79,-32,YcJGGN5JyEk7X0Qe1C6QVIrfzDo=,VzZrjNxW2fkaCQDHCVeh0LGkXSg=
-74,-32,YcJGGN5JyEk7X0Qe1C6QVIrfzDo=,VzZrjNxW2fkaCQDHCVeh0LGkXSg=
-75,-32,YcJGGN5JyEk7X0Qe1C6QVIrfzDo=,VzZrjNxW2fkaCQDHCVeh0LGkXSg=
-76,-32,YcJGGN5JyEk7X0Qe1C6QVIrfzDo=,VzZrjNxW2fkaCQDHCVeh0LGkXSg=
-78,-32,YcJGGN5JyEk7X0Qe1C6QVIrfzDo=,VzZrjNxW2fkaCQDHCVeh0LGkXSg=
-77,-32,YcJGGN5JyEk7X0Qe1C6QVIrfzDo=,VzZrjNxW2fkaCQDHCVeh0LGkXSg=
-73,-18,YcJGGN5JyEk7X0Qe1C6QVIrfzDo=,q9zAMIENyATeOLpM+jgm9RwLOd4=
-72,-18,YcJGGN5JyEk7X0Qe1C6QVIrfzDo=,GShmF1zk3e35FU8cgra7yi215Gg=
-72,-23,YcJGGN5JyEk7X0Qe1C6QVIrfzDo=,GShmF1zk3e35FU8cgra7yi215Gg=
-72,-22,YcJGGN5JyEk7X0Qe1C6QVIrfzDo=,GShmF1zk3e35FU8cgra7yi215Gg=
-73,-23,YcJGGN5JyEk7X0Qe1C6QVIrfzDo=,q9zAMIENyATeOLpM+jgm9RwLOd4=
-72,-19,YcJGGN5JyEk7X0Qe1C6QVIrfzDo=,GShmF1zk3e35FU8cgra7yi215Gg=
-72,-21,YcJGGN5JyEk7X0Qe1C6QVIrfzDo=,GShmF1zk3e35FU8cgra7yi215Gg=
-73,-22,YcJGGN5JyEk7X0Qe1C6QVIrfzDo=,q9zAMIENyATeOLpM+jgm9RwLOd4=
-73,-21,YcJGGN5JyEk7X0Qe1C6QVIrfzDo=,q9zAMIENyATeOLpM+jgm9RwLOd4=
-73,-20,YcJGGN5JyEk7X0Qe1C6QVIrfzDo=,q9zAMIENyATeOLpM+jgm9RwLOd4=
-72,-20,YcJGGN5JyEk7X0Qe1C6QVIrfzDo=,GShmF1zk3e35FU8cgra7yi215Gg=
-73,-19,YcJGGN5JyEk7X0Qe1C6QVIrfzDo=,q9zAMIENyATeOLpM+jgm9RwLOd4=
-72,-31,YcJGGN5JyEk7X0Qe1C6QVIrfzDo=,xmez6RRdu5y+sk0OpBZFoXgmkI4=
-73,-25,YcJGGN5JyEk7X0Qe1C6QVIrfzDo=,VzZrjNxW2fkaCQDHCVeh0LGkXSg=
-73,-32,YcJGGN5JyEk7X0Qe1C6QVIrfzDo=,VzZrjNxW2fkaCQDHCVeh0LGkXSg=
-72,-25,YcJGGN5JyEk7X0Qe1C6QVIrfzDo=,xmez6RRdu5y+sk0OpBZFoXgmkI4=
-73,-26,YcJGGN5JyEk7X0Qe1C6QVIrfzDo=,VzZrjNxW2fkaCQDHCVeh0LGkXSg=
-72,-26,YcJGGN5JyEk7X0Qe1C6QVIrfzDo=,xmez6RRdu5y+sk0OpBZFoXgmkI4=
-72,-27,YcJGGN5JyEk7X0Qe1C6QVIrfzDo=,xmez6RRdu5y+sk0OpBZFoXgmkI4=
-73,-27,YcJGGN5JyEk7X0Qe1C6QVIrfzDo=,VzZrjNxW2fkaCQDHCVeh0LGkXSg=
-72,-28,YcJGGN5JyEk7X0Qe1C6QVIrfzDo=,xmez6RRdu5y+sk0OpBZFoXgmkI4=
-73,-28,YcJGGN5JyEk7X0Qe1C6QVIrfzDo=,VzZrjNxW2fkaCQDHCVeh0LGkXSg=
-72,-24,YcJGGN5JyEk7X0Qe1C6QVIrfzDo=,GShmF1zk3e35FU8cgra7yi215Gg=
-73,-24,YcJGGN5JyEk7X0Qe1C6QVIrfzDo=,q9zAMIENyATeOLpM+jgm9RwLOd4=
-72,-29,YcJGGN5JyEk7X0Qe1C6QVIrfzDo=,xmez6RRdu5y+sk0OpBZFoXgmkI4=
-73,-29,YcJGGN5JyEk7X0Qe1C6QVIrfzDo=,VzZrjNxW2fkaCQDHCVeh0LGkXSg=
-80,-24,YcJGGN5JyEk7X0Qe1C6QVIrfzDo=,q9zAMIENyATeOLpM+jgm9RwLOd4=
-80,-30,YcJGGN5JyEk7X0Qe1C6QVIrfzDo=,VzZrjNxW2fkaCQDHCVeh0LGkXSg=
-80,-29,YcJGGN5JyEk7X0Qe1C6QVIrfzDo=,VzZrjNxW2fkaCQDHCVeh0LGkXSg=
-80,-28,YcJGGN5JyEk7X0Qe1C6QVIrfzDo=,VzZrjNxW2fkaCQDHCVeh0LGkXSg=
-80,-27,YcJGGN5JyEk7X0Qe1C6QVIrfzDo=,VzZrjNxW2fkaCQDHCVeh0LGkXSg=
-80,-26,YcJGGN5JyEk7X0Qe1C6QVIrfzDo=,VzZrjNxW2fkaCQDHCVeh0LGkXSg=
-80,-25,YcJGGN5JyEk7X0Qe1C6QVIrfzDo=,VzZrjNxW2fkaCQDHCVeh0LGkXSg=
-80,-31,YcJGGN5JyEk7X0Qe1C6QVIrfzDo=,VzZrjNxW2fkaCQDHCVeh0LGkXSg=
-80,-32,YcJGGN5JyEk7X0Qe1C6QVIrfzDo=,VzZrjNxW2fkaCQDHCVeh0LGkXSg=
-80,-17,YcJGGN5JyEk7X0Qe1C6QVIrfzDo=,q9zAMIENyATeOLpM+jgm9RwLOd4=
-72,-32,YcJGGN5JyEk7X0Qe1C6QVIrfzDo=,xmez6RRdu5y+sk0OpBZFoXgmkI4=
-73,-17,YcJGGN5JyEk7X0Qe1C6QVIrfzDo=,q9zAMIENyATeOLpM+jgm9RwLOd4=
-72,-17,YcJGGN5JyEk7X0Qe1C6QVIrfzDo=,GShmF1zk3e35FU8cgra7yi215Gg=
-71,-23,YcJGGN5JyEk7X0Qe1C6QVIrfzDo=,GShmF1zk3e35FU8cgra7yi215Gg=
-66,-24,YcJGGN5JyEk7X0Qe1C6QVIrfzDo=,GShmF1zk3e35FU8cgra7yi215Gg=
-67,-17,YcJGGN5JyEk7X0Qe1C6QVIrfzDo=,GShmF1zk3e35FU8cgra7yi215Gg=
-66,-17,fd8QEv+VK2ctZL4RpVrintOExIo=,GShmF1zk3e35FU8cgra7yi215Gg=
-65,-17,fd8QEv+VK2ctZL4RpVrintOExIo=,GShmF1zk3e35FU8cgra7yi215Gg=
-67,-21,fd8QEv+VK2ctZL4RpVrintOExIo=,GShmF1zk3e35FU8cgra7yi215Gg=
-70,-22,fd8QEv+VK2ctZL4RpVrintOExIo=,GShmF1zk3e35FU8cgra7yi215Gg=
-69,-23,fd8QEv+VK2ctZL4RpVrintOExIo=,GShmF1zk3e35FU8cgra7yi215Gg=
-70,-29,fd8QEv+VK2ctZL4RpVrintOExIo=,xmez6RRdu5y+sk0OpBZFoXgmkI4=
-70,-21,fd8QEv+VK2ctZL4RpVrintOExIo=,GShmF1zk3e35FU8cgra7yi215Gg=
-69,-29,fd8QEv+VK2ctZL4RpVrintOExIo=,xmez6RRdu5y+sk0OpBZFoXgmkI4=
-70,-30,fd8QEv+VK2ctZL4RpVrintOExIo=,xmez6RRdu5y+sk0OpBZFoXgmkI4=
-71,-29,fd8QEv+VK2ctZL4RpVrintOExIo=,xmez6RRdu5y+sk0OpBZFoXgmkI4=
-69,-30,fd8QEv+VK2ctZL4RpVrintOExIo=,xmez6RRdu5y+sk0OpBZFoXgmkI4=
-65,-24,fd8QEv+VK2ctZL4RpVrintOExIo=,GShmF1zk3e35FU8cgra7yi215Gg=
-66,-18,fd8QEv+VK2ctZL4RpVrintOExIo=,GShmF1zk3e35FU8cgra7yi215Gg=
-65,-23,fd8QEv+VK2ctZL4RpVrintOExIo=,GShmF1zk3e35FU8cgra7yi215Gg=
-72,-30,fd8QEv+VK2ctZL4RpVrintOExIo=,xmez6RRdu5y+sk0OpBZFoXgmkI4=
-71,-22,fd8QEv+VK2ctZL4RpVrintOExIo=,GShmF1zk3e35FU8cgra7yi215Gg=
-69,-21,fd8QEv+VK2ctZL4RpVrintOExIo=,GShmF1zk3e35FU8cgra7yi215Gg=
-70,-23,fd8QEv+VK2ctZL4RpVrintOExIo=,GShmF1zk3e35FU8cgra7yi215Gg=
-65,-32,fd8QEv+VK2ctZL4RpVrintOExIo=,xmez6RRdu5y+sk0OpBZFoXgmkI4=
-66,-23,fd8QEv+VK2ctZL4RpVrintOExIo=,GShmF1zk3e35FU8cgra7yi215Gg=
-68,-30,fd8QEv+VK2ctZL4RpVrintOExIo=,xmez6RRdu5y+sk0OpBZFoXgmkI4=
-65,-19,fd8QEv+VK2ctZL4RpVrintOExIo=,GShmF1zk3e35FU8cgra7yi215Gg=
-71,-18,fd8QEv+VK2ctZL4RpVrintOExIo=,GShmF1zk3e35FU8cgra7yi215Gg=
-68,-21,fd8QEv+VK2ctZL4RpVrintOExIo=,GShmF1zk3e35FU8cgra7yi215Gg=
-71,-28,fd8QEv+VK2ctZL4RpVrintOExIo=,xmez6RRdu5y+sk0OpBZFoXgmkI4=
-69,-24,fd8QEv+VK2ctZL4RpVrintOExIo=,GShmF1zk3e35FU8cgra7yi215Gg=
-65,-18,fd8QEv+VK2ctZL4RpVrintOExIo=,GShmF1zk3e35FU8cgra7yi215Gg=
-71,-30,fd8QEv+VK2ctZL4RpVrintOExIo=,xmez6RRdu5y+sk0OpBZFoXgmkI4=
-68,-17,fd8QEv+VK2ctZL4RpVrintOExIo=,GShmF1zk3e35FU8cgra7yi215Gg=
-67,-32,fd8QEv+VK2ctZL4RpVrintOExIo=,xmez6RRdu5y+sk0OpBZFoXgmkI4=
-69,-22,fd8QEv+VK2ctZL4RpVrintOExIo=,GShmF1zk3e35FU8cgra7yi215Gg=
-65,-21,fd8QEv+VK2ctZL4RpVrintOExIo=,GShmF1zk3e35FU8cgra7yi215Gg=
-66,-22,fd8QEv+VK2ctZL4RpVrintOExIo=,GShmF1zk3e35FU8cgra7yi215Gg=
-66,-19,fd8QEv+VK2ctZL4RpVrintOExIo=,GShmF1zk3e35FU8cgra7yi215Gg=
-70,-28,fd8QEv+VK2ctZL4RpVrintOExIo=,xmez6RRdu5y+sk0OpBZFoXgmkI4=
-68,-32,fd8QEv+VK2ctZL4RpVrintOExIo=,xmez6RRdu5y+sk0OpBZFoXgmkI4=
-65,-22,fd8QEv+VK2ctZL4RpVrintOExIo=,GShmF1zk3e35FU8cgra7yi215Gg=
-66,-32,fd8QEv+VK2ctZL4RpVrintOExIo=,xmez6RRdu5y+sk0OpBZFoXgmkI4=
-65,-31,fd8QEv+VK2ctZL4RpVrintOExIo=,xmez6RRdu5y+sk0OpBZFoXgmkI4=
-68,-20,fd8QEv+VK2ctZL4RpVrintOExIo=,GShmF1zk3e35FU8cgra7yi215Gg=
-68,-23,fd8QEv+VK2ctZL4RpVrintOExIo=,GShmF1zk3e35FU8cgra7yi215Gg=
-68,-22,fd8QEv+VK2ctZL4RpVrintOExIo=,GShmF1zk3e35FU8cgra7yi215Gg=
-67,-22,fd8QEv+VK2ctZL4RpVrintOExIo=,GShmF1zk3e35FU8cgra7yi215Gg=
-71,-21,fd8QEv+VK2ctZL4RpVrintOExIo=,GShmF1zk3e35FU8cgra7yi215Gg=
-66,-21,fd8QEv+VK2ctZL4RpVrintOExIo=,GShmF1zk3e35FU8cgra7yi215Gg=
-65,-29,fd8QEv+VK2ctZL4RpVrintOExIo=,xmez6RRdu5y+sk0OpBZFoXgmkI4=
-67,-23,fd8QEv+VK2ctZL4RpVrintOExIo=,GShmF1zk3e35FU8cgra7yi215Gg=
-69,-17,fd8QEv+VK2ctZL4RpVrintOExIo=,GShmF1zk3e35FU8cgra7yi215Gg=
-67,-30,fd8QEv+VK2ctZL4RpVrintOExIo=,xmez6RRdu5y+sk0OpBZFoXgmkI4=
-71,-17,fd8QEv+VK2ctZL4RpVrintOExIo=,GShmF1zk3e35FU8cgra7yi215Gg=
-71,-20,fd8QEv+VK2ctZL4RpVrintOExIo=,GShmF1zk3e35FU8cgra7yi215Gg=
-69,-20,fd8QEv+VK2ctZL4RpVrintOExIo=,GShmF1zk3e35FU8cgra7yi215Gg=
-70,-17,fd8QEv+VK2ctZL4RpVrintOExIo=,GShmF1zk3e35FU8cgra7yi215Gg=
-67,-18,fd8QEv+VK2ctZL4RpVrintOExIo=,GShmF1zk3e35FU8cgra7yi215Gg=
-70,-20,fd8QEv+VK2ctZL4RpVrintOExIo=,GShmF1zk3e35FU8cgra7yi215Gg=
-69,-19,fd8QEv+VK2ctZL4RpVrintOExIo=,GShmF1zk3e35FU8cgra7yi215Gg=
-71,-19,fd8QEv+VK2ctZL4RpVrintOExIo=,GShmF1zk3e35FU8cgra7yi215Gg=
-68,-19,fd8QEv+VK2ctZL4RpVrintOExIo=,GShmF1zk3e35FU8cgra7yi215Gg=
-65,-20,fd8QEv+VK2ctZL4RpVrintOExIo=,GShmF1zk3e35FU8cgra7yi215Gg=
-69,-18,fd8QEv+VK2ctZL4RpVrintOExIo=,GShmF1zk3e35FU8cgra7yi215Gg=
-68,-18,fd8QEv+VK2ctZL4RpVrintOExIo=,GShmF1zk3e35FU8cgra7yi215Gg=
-73,-31,fd8QEv+VK2ctZL4RpVrintOExIo=,VzZrjNxW2fkaCQDHCVeh0LGkXSg=
-67,-19,fd8QEv+VK2ctZL4RpVrintOExIo=,GShmF1zk3e35FU8cgra7yi215Gg=
-71,-31,fd8QEv+VK2ctZL4RpVrintOExIo=,xmez6RRdu5y+sk0OpBZFoXgmkI4=
-66,-30,fd8QEv+VK2ctZL4RpVrintOExIo=,xmez6RRdu5y+sk0OpBZFoXgmkI4=
-70,-19,fd8QEv+VK2ctZL4RpVrintOExIo=,GShmF1zk3e35FU8cgra7yi215Gg=
-73,-30,fd8QEv+VK2ctZL4RpVrintOExIo=,VzZrjNxW2fkaCQDHCVeh0LGkXSg=
-66,-20,fd8QEv+VK2ctZL4RpVrintOExIo=,GShmF1zk3e35FU8cgra7yi215Gg=
-67,-20,fd8QEv+VK2ctZL4RpVrintOExIo=,GShmF1zk3e35FU8cgra7yi215Gg=
-70,-18,fd8QEv+VK2ctZL4RpVrintOExIo=,GShmF1zk3e35FU8cgra7yi215Gg=
-70,-31,fd8QEv+VK2ctZL4RpVrintOExIo=,xmez6RRdu5y+sk0OpBZFoXgmkI4=
-68,-24,fd8QEv+VK2ctZL4RpVrintOExIo=,GShmF1zk3e35FU8cgra7yi215Gg=
-67,-24,fd8QEv+VK2ctZL4RpVrintOExIo=,GShmF1zk3e35FU8cgra7yi215Gg=
-69,-31,fd8QEv+VK2ctZL4RpVrintOExIo=,xmez6RRdu5y+sk0OpBZFoXgmkI4=
-68,-31,fd8QEv+VK2ctZL4RpVrintOExIo=,xmez6RRdu5y+sk0OpBZFoXgmkI4=
-65,-30,fd8QEv+VK2ctZL4RpVrintOExIo=,xmez6RRdu5y+sk0OpBZFoXgmkI4=
-66,-31,fd8QEv+VK2ctZL4RpVrintOExIo=,xmez6RRdu5y+sk0OpBZFoXgmkI4=
-71,-32,fd8QEv+VK2ctZL4RpVrintOExIo=,xmez6RRdu5y+sk0OpBZFoXgmkI4=
-69,-28,fd8QEv+VK2ctZL4RpVrintOExIo=,xmez6RRdu5y+sk0OpBZFoXgmkI4=
-67,-31,fd8QEv+VK2ctZL4RpVrintOExIo=,xmez6RRdu5y+sk0OpBZFoXgmkI4=
-69,-32,fd8QEv+VK2ctZL4RpVrintOExIo=,xmez6RRdu5y+sk0OpBZFoXgmkI4=
-66,-28,fd8QEv+VK2ctZL4RpVrintOExIo=,xmez6RRdu5y+sk0OpBZFoXgmkI4=
-68,-28,fd8QEv+VK2ctZL4RpVrintOExIo=,xmez6RRdu5y+sk0OpBZFoXgmkI4=
-70,-32,fd8QEv+VK2ctZL4RpVrintOExIo=,xmez6RRdu5y+sk0OpBZFoXgmkI4=
-67,-28,fd8QEv+VK2ctZL4RpVrintOExIo=,xmez6RRdu5y+sk0OpBZFoXgmkI4=
-68,-29,fd8QEv+VK2ctZL4RpVrintOExIo=,xmez6RRdu5y+sk0OpBZFoXgmkI4=
-70,-27,fd8QEv+VK2ctZL4RpVrintOExIo=,xmez6RRdu5y+sk0OpBZFoXgmkI4=
-65,-28,fd8QEv+VK2ctZL4RpVrintOExIo=,xmez6RRdu5y+sk0OpBZFoXgmkI4=
-71,-27,fd8QEv+VK2ctZL4RpVrintOExIo=,xmez6RRdu5y+sk0OpBZFoXgmkI4=
-67,-27,fd8QEv+VK2ctZL4RpVrintOExIo=,xmez6RRdu5y+sk0OpBZFoXgmkI4=
-69,-27,fd8QEv+VK2ctZL4RpVrintOExIo=,xmez6RRdu5y+sk0OpBZFoXgmkI4=
-67,-29,fd8QEv+VK2ctZL4RpVrintOExIo=,xmez6RRdu5y+sk0OpBZFoXgmkI4=
-65,-27,fd8QEv+VK2ctZL4RpVrintOExIo=,xmez6RRdu5y+sk0OpBZFoXgmkI4=
-71,-24,fd8QEv+VK2ctZL4RpVrintOExIo=,GShmF1zk3e35FU8cgra7yi215Gg=
-69,-26,fd8QEv+VK2ctZL4RpVrintOExIo=,xmez6RRdu5y+sk0OpBZFoXgmkI4=
-71,-26,fd8QEv+VK2ctZL4RpVrintOExIo=,xmez6RRdu5y+sk0OpBZFoXgmkI4=
-66,-26,fd8QEv+VK2ctZL4RpVrintOExIo=,xmez6RRdu5y+sk0OpBZFoXgmkI4=
-70,-26,fd8QEv+VK2ctZL4RpVrintOExIo=,xmez6RRdu5y+sk0OpBZFoXgmkI4=
-68,-27,fd8QEv+VK2ctZL4RpVrintOExIo=,xmez6RRdu5y+sk0OpBZFoXgmkI4=
-67,-26,fd8QEv+VK2ctZL4RpVrintOExIo=,xmez6RRdu5y+sk0OpBZFoXgmkI4=
-66,-27,fd8QEv+VK2ctZL4RpVrintOExIo=,xmez6RRdu5y+sk0OpBZFoXgmkI4=
-65,-26,fd8QEv+VK2ctZL4RpVrintOExIo=,xmez6RRdu5y+sk0OpBZFoXgmkI4=
-68,-26,fd8QEv+VK2ctZL4RpVrintOExIo=,xmez6RRdu5y+sk0OpBZFoXgmkI4=
-70,-24,fd8QEv+VK2ctZL4RpVrintOExIo=,GShmF1zk3e35FU8cgra7yi215Gg=
-66,-29,fd8QEv+VK2ctZL4RpVrintOExIo=,xmez6RRdu5y+sk0OpBZFoXgmkI4=
-71,-25,fd8QEv+VK2ctZL4RpVrintOExIo=,xmez6RRdu5y+sk0OpBZFoXgmkI4=
-69,-25,fd8QEv+VK2ctZL4RpVrintOExIo=,xmez6RRdu5y+sk0OpBZFoXgmkI4=
-65,-25,fd8QEv+VK2ctZL4RpVrintOExIo=,xmez6RRdu5y+sk0OpBZFoXgmkI4=
-66,-25,fd8QEv+VK2ctZL4RpVrintOExIo=,xmez6RRdu5y+sk0OpBZFoXgmkI4=
-70,-25,fd8QEv+VK2ctZL4RpVrintOExIo=,xmez6RRdu5y+sk0OpBZFoXgmkI4=
-67,-25,fd8QEv+VK2ctZL4RpVrintOExIo=,xmez6RRdu5y+sk0OpBZFoXgmkI4=
-68,-25,fd8QEv+VK2ctZL4RpVrintOExIo=,xmez6RRdu5y+sk0OpBZFoXgmkI4=
