9,-7,yiHymdQ87lqmJVPwTyPnsi6G7DM=,soT1zdtd9d7EF9bBkYbJjuOjIdo=
9,-8,yiHymdQ87lqmJVPwTyPnsi6G7DM=,soT1zdtd9d7EF9bBkYbJjuOjIdo=
9,-5,yiHymdQ87lqmJVPwTyPnsi6G7DM=,soT1zdtd9d7EF9bBkYbJjuOjIdo=
9,-6,yiHymdQ87lqmJVPwTyPnsi6G7DM=,soT1zdtd9d7EF9bBkYbJjuOjIdo=
9,-3,yiHymdQ87lqmJVPwTyPnsi6G7DM=,soT1zdtd9d7EF9bBkYbJjuOjIdo=
9,-4,yiHymdQ87lqmJVPwTyPnsi6G7DM=,soT1zdtd9d7EF9bBkYbJjuOjIdo=
9,-1,yiHymdQ87lqmJVPwTyPnsi6G7DM=,soT1zdtd9d7EF9bBkYbJjuOjIdo=
9,-2,yiHymdQ87lqmJVPwTyPnsi6G7DM=,soT1zdtd9d7EF9bBkYbJjuOjIdo=
9,-9,yiHymdQ87lqmJVPwTyPnsi6G7DM=,KRU6bYvHN9rAAs0LH1t9xurmaR8=
9,-10,yiHymdQ87lqmJVPwTyPnsi6G7DM=,KRU6bYvHN9rAAs0LH1t9xurmaR8=
8,-8,yiHymdQ87lqmJVPwTyPnsi6G7DM=,soT1zdtd9d7EF9bBkYbJjuOjIdo=
8,-7,yiHymdQ87lqmJVPwTyPnsi6G7DM=,soT1zdtd9d7EF9bBkYbJjuOjIdo=
8,-6,yiHymdQ87lqmJVPwTyPnsi6G7DM=,faS7cGeViI9Vw4Mh58qwHHMMsS8=
8,-5,yiHymdQ87lqmJVPwTyPnsi6G7DM=,9emzA/RJbIfyMUxLU35pTvE+1R0=
8,-4,yiHymdQ87lqmJVPwTyPnsi6G7DM=,9emzA/RJbIfyMUxLU35pTvE+1R0=
8,-3,yiHymdQ87lqmJVPwTyPnsi6G7DM=,faS7cGeViI9Vw4Mh58qwHHMMsS8=
8,-2,yiHymdQ87lqmJVPwTyPnsi6G7DM=,X8QUh36nG4vKY5SldWOm71BCZn0=
8,-1,yiHymdQ87lqmJVPwTyPnsi6G7DM=,9emzA/RJbIfyMUxLU35pTvE+1R0=
8,-10,yiHymdQ87lqmJVPwTyPnsi6G7DM=,KRU6bYvHN9rAAs0LH1t9xurmaR8=
8,-9,yiHymdQ87lqmJVPwTyPnsi6G7DM=,KRU6bYvHN9rAAs0LH1t9xurmaR8=
7,-9,rrwBcnrXlgy2tscHpNApq2Gi+PM=,cBKHGJIK/LTGU8fD6SFookqxfvs=
7,-10,rrwBcnrXlgy2tscHpNApq2Gi+PM=,okfHaWw61Q6UPolJfoUot77kcU8=
7,-1,rrwBcnrXlgy2tscHpNApq2Gi+PM=,MY6pFyol+9EhkyxRXx/ALaUf5tM=
7,-2,rrwBcnrXlgy2tscHpNApq2Gi+PM=,Fpki6m/gd2udly6Rq7OYomsyPVA=
7,-3,rrwBcnrXlgy2tscHpNApq2Gi+PM=,Fpki6m/gd2udly6Rq7OYomsyPVA=
7,-4,rrwBcnrXlgy2tscHpNApq2Gi+PM=,40vxj5ZVG/UJnEMRb8FbgC5FNMI=
7,-5,rrwBcnrXlgy2tscHpNApq2Gi+PM=,Iqdl9CwhBK+9vVxy+HMzkDGYpDs=
7,-6,rrwBcnrXlgy2tscHpNApq2Gi+PM=,g47099Yk30ymJjE33wUGEnMfNPA=
7,-7,rrwBcnrXlgy2tscHpNApq2Gi+PM=,aQbN3Pd3GS01LEjHKFuwJIIsbu8=
7,-8,rrwBcnrXlgy2tscHpNApq2Gi+PM=,6VnW8B+h4wJ7AVpnfFYGWfr9Rw8=
6,-10,rrwBcnrXlgy2tscHpNApq2Gi+PM=,okfHaWw61Q6UPolJfoUot77kcU8=
6,-9,rrwBcnrXlgy2tscHpNApq2Gi+PM=,rgwxNIlifZhjsDBqdnq6NziaGX4=
6,-2,rrwBcnrXlgy2tscHpNApq2Gi+PM=,81CDf9RqJRI22SLTa5h0hLUPXEQ=
6,-1,rrwBcnrXlgy2tscHpNApq2Gi+PM=,lGhnfSzq8V5o5VMYBR05QskXzdA=
6,-4,rrwBcnrXlgy2tscHpNApq2Gi+PM=,E9cnDNYBTsFTuBLnZqUAbjBvIU8=
6,-3,rrwBcnrXlgy2tscHpNApq2Gi+PM=,Ymdh1sDoIS2AKXEn6EPQeuvMhMI=
6,-6,rrwBcnrXlgy2tscHpNApq2Gi+PM=,Ix4SyQ9cUhspu2LhZPRxqApSZGo=
6,-5,rrwBcnrXlgy2tscHpNApq2Gi+PM=,jC+IbLtEMcNsp3LOHLvZrcmaFTw=
6,-8,rrwBcnrXlgy2tscHpNApq2Gi+PM=,2tYNBgNVzx/39sqQIDuiSyxH5fo=
6,-7,rrwBcnrXlgy2tscHpNApq2Gi+PM=,aQbN3Pd3GS01LEjHKFuwJIIsbu8=
5,-9,n7gklp/qRd5U01i5huNIRAKlqdA=,Yfwl/P6B0RtofNKaRAjJ8v6PSdY=
5,-10,n7gklp/qRd5U01i5huNIRAKlqdA=,okfHaWw61Q6UPolJfoUot77kcU8=
5,-3,n7gklp/qRd5U01i5huNIRAKlqdA=,RiLrrk72Ry7WJwo8TSMU++eurgs=
5,-4,n7gklp/qRd5U01i5huNIRAKlqdA=,x2dBvbQA3snSfY4OgLhKZgfNb84=
5,-1,n7gklp/qRd5U01i5huNIRAKlqdA=,O0jokWfMityCSAevr93a6Wo57PI=
5,-2,n7gklp/qRd5U01i5huNIRAKlqdA=,9Sc5GWx8nk3RniWKtJ+4+nTcgZI=
5,-7,n7gklp/qRd5U01i5huNIRAKlqdA=,Cj7LnnhTkfi7YLBDu06/cSgGwOM=
5,-8,n7gklp/qRd5U01i5huNIRAKlqdA=,robupq/0lWnD1eqAYydA7GXOBGA=
5,-5,n7gklp/qRd5U01i5huNIRAKlqdA=,w8voiE6XaEN7SlS3TuxE9ay9BtM=
5,-6,n7gklp/qRd5U01i5huNIRAKlqdA=,pIWZaP/vPUdRPKOQJ3+VsL/49/U=
4,-10,n7gklp/qRd5U01i5huNIRAKlqdA=,okfHaWw61Q6UPolJfoUot77kcU8=
4,-9,n7gklp/qRd5U01i5huNIRAKlqdA=,rgwxNIlifZhjsDBqdnq6NziaGX4=
4,-4,n7gklp/qRd5U01i5huNIRAKlqdA=,o9FS2NLkJMkxtxMigIwKVVZnpvI=
4,-3,n7gklp/qRd5U01i5huNIRAKlqdA=,o9FS2NLkJMkxtxMigIwKVVZnpvI=
4,-2,n7gklp/qRd5U01i5huNIRAKlqdA=,9mIKGIleYZ3jcA3Do0NYXoqF6H0=
4,-1,n7gklp/qRd5U01i5huNIRAKlqdA=,j2KF+OqmtrbwKPZAMUBgJ+Hmoyw=
4,-8,n7gklp/qRd5U01i5huNIRAKlqdA=,JuVxpCcAI7VTiG89SIhFkJC9N20=
4,-7,n7gklp/qRd5U01i5huNIRAKlqdA=,CL6rCWJgaiSRdewvdy2fZyfT2/U=
4,-6,n7gklp/qRd5U01i5huNIRAKlqdA=,buClQbGT5cmzyqjTygmEcIAmfJM=
4,-5,n7gklp/qRd5U01i5huNIRAKlqdA=,p7tSz3yfnppOICbUm2LK9WJFBAE=
3,-9,3TpQ/bJntGkJ+E2cunTF7oDEgZo=,okfHaWw61Q6UPolJfoUot77kcU8=
3,-10,3TpQ/bJntGkJ+E2cunTF7oDEgZo=,okfHaWw61Q6UPolJfoUot77kcU8=
3,-5,3TpQ/bJntGkJ+E2cunTF7oDEgZo=,qpQ7uC9nV9Do9NIRt+D6UHfyWQY=
3,-6,3TpQ/bJntGkJ+E2cunTF7oDEgZo=,EsFWZoMhERTHE2sjGyyCfxhNNHk=
3,-7,3TpQ/bJntGkJ+E2cunTF7oDEgZo=,gyKLKp/MLIFwD63WlgLzhHypD5s=
3,-8,3TpQ/bJntGkJ+E2cunTF7oDEgZo=,UrUo5Nj5LxgWYchhXdWUhRBsh/g=
3,-1,3TpQ/bJntGkJ+E2cunTF7oDEgZo=,fga+wehNjAKCIWX5R3IHxyfMGxA=
3,-2,3TpQ/bJntGkJ+E2cunTF7oDEgZo=,RgiwdeQxnDk/3iskpdys246y9V8=
3,-3,3TpQ/bJntGkJ+E2cunTF7oDEgZo=,332awgTuYHHQTzKFUIGcdhoh36g=
3,-4,3TpQ/bJntGkJ+E2cunTF7oDEgZo=,1pVFmDjjy0B8RirAV/ZtOGprf0s=
2,-10,3TpQ/bJntGkJ+E2cunTF7oDEgZo=,okfHaWw61Q6UPolJfoUot77kcU8=
2,-9,3TpQ/bJntGkJ+E2cunTF7oDEgZo=,okfHaWw61Q6UPolJfoUot77kcU8=
2,-6,3TpQ/bJntGkJ+E2cunTF7oDEgZo=,A3RXOaramgT1Q27w+eDURa3CwRo=
2,-5,3TpQ/bJntGkJ+E2cunTF7oDEgZo=,Jb74+t26K0kUt3L8zfUTqXaOdzw=
2,-8,3TpQ/bJntGkJ+E2cunTF7oDEgZo=,UrUo5Nj5LxgWYchhXdWUhRBsh/g=
2,-7,3TpQ/bJntGkJ+E2cunTF7oDEgZo=,RNIYsNpOarlUiAoQsLNP3ytuKOw=
2,-2,3TpQ/bJntGkJ+E2cunTF7oDEgZo=,ve3d0vvGye2DvPixgeN3vgCIwsw=
2,-1,3TpQ/bJntGkJ+E2cunTF7oDEgZo=,o+c5nXL38tlDWoueinRypnxHNr0=
2,-4,3TpQ/bJntGkJ+E2cunTF7oDEgZo=,4id84pKFPKMWfG5vNw36QJqVxbc=
2,-3,3TpQ/bJntGkJ+E2cunTF7oDEgZo=,ve3d0vvGye2DvPixgeN3vgCIwsw=
1,-9,3TpQ/bJntGkJ+E2cunTF7oDEgZo=,okfHaWw61Q6UPolJfoUot77kcU8=
1,-10,3TpQ/bJntGkJ+E2cunTF7oDEgZo=,okfHaWw61Q6UPolJfoUot77kcU8=
1,-7,3TpQ/bJntGkJ+E2cunTF7oDEgZo=,CWPwta+TTaLPlLYR8KKjHMZKwRo=
1,-8,3TpQ/bJntGkJ+E2cunTF7oDEgZo=,B/qGXq4ympelCABIi/JMVhT35Ws=
1,-5,3TpQ/bJntGkJ+E2cunTF7oDEgZo=,WnGeYkI/3afrkvxXEexGTV52MCY=
1,-6,3TpQ/bJntGkJ+E2cunTF7oDEgZo=,AxsL7CIJw6cxAdyXASPff69dxEM=
1,-3,3TpQ/bJntGkJ+E2cunTF7oDEgZo=,SG7hYWAsAJ4BIpZhO/7Zt6R5DqE=
1,-4,3TpQ/bJntGkJ+E2cunTF7oDEgZo=,Vb+5g1V20KuqtnHepqNWGrjWfVc=
1,-1,3TpQ/bJntGkJ+E2cunTF7oDEgZo=,8+O2ppc+X4jEsVUzPrji/gugHD8=
1,-2,3TpQ/bJntGkJ+E2cunTF7oDEgZo=,Js/lC1J8O3+qVagGErB0J3B5T0g=
0,-10,3TpQ/bJntGkJ+E2cunTF7oDEgZo=,okfHaWw61Q6UPolJfoUot77kcU8=
0,-9,3TpQ/bJntGkJ+E2cunTF7oDEgZo=,+79HQJGD+wcZsyXcw11Hwuv/Sjw=
0,-8,w1UeIAxR7L6jyAWjNHG6i7QocNA=,hsX/yjU5c/gck8lSSALkvAPsu44=
0,-7,w1UeIAxR7L6jyAWjNHG6i7QocNA=,AZ0hfsSRkJ4AacbxiDDR3pmL1oU=
0,-6,w1UeIAxR7L6jyAWjNHG6i7QocNA=,kpbUgLNglMjpREbL31F0fFsWoVs=
0,-5,w1UeIAxR7L6jyAWjNHG6i7QocNA=,+5Wd8dggEdws+BQhmmQob9l0f0M=
0,-4,w1UeIAxR7L6jyAWjNHG6i7QocNA=,ZiN7g9hoZ/KxK4KDLuOfCXUmmgs=
0,-3,w1UeIAxR7L6jyAWjNHG6i7QocNA=,4cMidf5jKzPAxaj1V5AfSutQELw=
0,-2,w1UeIAxR7L6jyAWjNHG6i7QocNA=,axh520cWanY75hoaB9RH49K5gio=
0,-1,w1UeIAxR7L6jyAWjNHG6i7QocNA=,a09yveCB77e+W4GDthI9IhFrkGI=
